date,revenue,hour,day_of_week,is_weekend,is_business_hour
2023-10-01 00:00:00,43.04799968314365,0,6,1,0
2023-10-01 01:00:00,40.0,1,6,1,0
2023-10-01 02:00:00,40.0,2,6,1,0
2023-10-01 03:00:00,40.0,3,6,1,0
2023-10-01 04:00:00,124.65664927739608,4,6,1,0
2023-10-01 05:00:00,40.0,5,6,1,0
2023-10-01 06:00:00,85.87464638733704,6,6,1,0
2023-10-01 07:00:00,242.90101430475565,7,6,1,0
2023-10-01 08:00:00,402.45282309048355,8,6,1,0
2023-10-01 09:00:00,370.75194420963265,9,6,1,1
2023-10-01 10:00:00,386.36462141164077,10,6,1,1
2023-10-01 11:00:00,569.9144551396986,11,6,1,1
2023-10-01 12:00:00,781.541711090588,12,6,1,1
2023-10-01 13:00:00,681.5874690004243,13,6,1,1
2023-10-01 14:00:00,796.1129815638038,14,6,1,1
2023-10-01 15:00:00,556.9027829016137,15,6,1,1
2023-10-01 16:00:00,586.3551590230115,16,6,1,1
2023-10-01 17:00:00,526.7419035467933,17,6,1,1
2023-10-01 18:00:00,477.96722563938266,18,6,1,0
2023-10-01 19:00:00,449.9716988393931,19,6,1,0
2023-10-01 20:00:00,227.16801084996735,20,6,1,0
2023-10-01 21:00:00,366.56671700140697,21,6,1,0
2023-10-01 22:00:00,57.283894215376506,22,6,1,0
2023-10-01 23:00:00,67.35186040496421,23,6,1,0
2023-10-02 00:00:00,280.39763164340593,0,0,0,0
2023-10-02 01:00:00,40.0,1,0,0,0
2023-10-02 02:00:00,112.16442592448583,2,0,0,0
2023-10-02 03:00:00,229.07132122071704,3,0,0,0
2023-10-02 04:00:00,40.0,4,0,0,0
2023-10-02 05:00:00,163.60487410690592,5,0,0,0
2023-10-02 06:00:00,393.66099136361566,6,0,0,0
2023-10-02 07:00:00,557.9561671367017,7,0,0,0
2023-10-02 08:00:00,280.02260232092067,8,0,0,0
2023-10-02 09:00:00,670.5372414266575,9,0,0,1
2023-10-02 10:00:00,490.9274376467518,10,0,0,1
2023-10-02 11:00:00,789.2835148270428,11,0,0,1
2023-10-02 12:00:00,729.8757411568406,12,0,0,1
2023-10-02 13:00:00,875.2628680789692,13,0,0,1
2023-10-02 14:00:00,805.8643019966183,14,0,0,1
2023-10-02 15:00:00,562.0424212043451,15,0,0,1
2023-10-02 16:00:00,359.73298269411777,16,0,0,1
2023-10-02 17:00:00,687.9000411918629,17,0,0,1
2023-10-02 18:00:00,548.0089649233129,18,0,0,0
2023-10-02 19:00:00,544.1731967625392,19,0,0,0
2023-10-02 20:00:00,391.5469658194469,20,0,0,0
2023-10-02 21:00:00,603.2777793508753,21,0,0,0
2023-10-02 22:00:00,343.45221395189964,22,0,0,0
2023-10-02 23:00:00,230.91959757228767,23,0,0,0
2023-10-03 00:00:00,64.60606746424219,0,1,0,0
2023-10-03 01:00:00,40.0,1,1,0,0
2023-10-03 02:00:00,40.0,2,1,0,0
2023-10-03 03:00:00,40.0,3,1,0,0
2023-10-03 04:00:00,40.0,4,1,0,0
2023-10-03 05:00:00,40.0,5,1,0,0
2023-10-03 06:00:00,181.05936356826157,6,1,0,0
2023-10-03 07:00:00,598.196797593454,7,1,0,0
2023-10-03 08:00:00,291.75713732785596,8,1,0,0
2023-10-03 09:00:00,497.2223894051365,9,1,0,1
2023-10-03 10:00:00,483.3202052452238,10,1,0,1
2023-10-03 11:00:00,698.354913619429,11,1,0,1
2023-10-03 12:00:00,581.2720493111033,12,1,0,1
2023-10-03 13:00:00,883.6134301790187,13,1,0,1
2023-10-03 14:00:00,1044.3387423630609,14,1,0,1
2023-10-03 15:00:00,682.0259028546723,15,1,0,1
2023-10-03 16:00:00,880.2345289691318,16,1,0,1
2023-10-03 17:00:00,616.8846557863612,17,1,0,1
2023-10-03 18:00:00,760.3521039682049,18,1,0,0
2023-10-03 19:00:00,759.0065609236228,19,1,0,0
2023-10-03 20:00:00,393.76078031566084,20,1,0,0
2023-10-03 21:00:00,178.67656371737866,21,1,0,0
2023-10-03 22:00:00,429.5578851048339,22,1,0,0
2023-10-03 23:00:00,311.48338983550144,23,1,0,0
2023-10-04 00:00:00,84.33743963593517,0,2,0,0
2023-10-04 01:00:00,40.0,1,2,0,0
2023-10-04 02:00:00,40.0,2,2,0,0
2023-10-04 03:00:00,164.5182558455192,3,2,0,0
2023-10-04 04:00:00,64.83526762963474,4,2,0,0
2023-10-04 05:00:00,40.0,5,2,0,0
2023-10-04 06:00:00,398.21278539685034,6,2,0,0
2023-10-04 07:00:00,419.44872518071696,7,2,0,0
2023-10-04 08:00:00,382.7695108018482,8,2,0,0
2023-10-04 09:00:00,690.7642707011826,9,2,0,1
2023-10-04 10:00:00,505.47638995740294,10,2,0,1
2023-10-04 11:00:00,642.431797335263,11,2,0,1
2023-10-04 12:00:00,826.4360360035571,12,2,0,1
2023-10-04 13:00:00,791.9821653464392,13,2,0,1
2023-10-04 14:00:00,633.8692214769876,14,2,0,1
2023-10-04 15:00:00,804.8265360659641,15,2,0,1
2023-10-04 16:00:00,684.4714904115455,16,2,0,1
2023-10-04 17:00:00,765.5497265037956,17,2,0,1
2023-10-04 18:00:00,597.8033707184915,18,2,0,0
2023-10-04 19:00:00,507.72760095779086,19,2,0,0
2023-10-04 20:00:00,296.0152420743897,20,2,0,0
2023-10-04 21:00:00,333.50545647505623,21,2,0,0
2023-10-04 22:00:00,432.19988989402157,22,2,0,0
2023-10-04 23:00:00,191.368963537243,23,2,0,0
2023-10-05 00:00:00,40.0,0,3,0,0
2023-10-05 01:00:00,40.0,1,3,0,0
2023-10-05 02:00:00,40.0,2,3,0,0
2023-10-05 03:00:00,40.0,3,3,0,0
2023-10-05 04:00:00,47.316608068191414,4,3,0,0
2023-10-05 05:00:00,267.71888519613213,5,3,0,0
2023-10-05 06:00:00,261.13251255095804,6,3,0,0
2023-10-05 07:00:00,355.088181308671,7,3,0,0
2023-10-05 08:00:00,271.7965595641649,8,3,0,0
2023-10-05 09:00:00,569.8554843809336,9,3,0,1
2023-10-05 10:00:00,627.4285429614683,10,3,0,1
2023-10-05 11:00:00,841.3175384368154,11,3,0,1
2023-10-05 12:00:00,867.5929236284185,12,3,0,1
2023-10-05 13:00:00,824.9394115678265,13,3,0,1
2023-10-05 14:00:00,743.591420049356,14,3,0,1
2023-10-05 15:00:00,807.3308238535599,15,3,0,1
2023-10-05 16:00:00,720.8766499915621,16,3,0,1
2023-10-05 17:00:00,777.1178811024015,17,3,0,1
2023-10-05 18:00:00,678.8049482345708,18,3,0,0
2023-10-05 19:00:00,460.8168293535333,19,3,0,0
2023-10-05 20:00:00,246.36612814145053,20,3,0,0
2023-10-05 21:00:00,521.1149694511878,21,3,0,0
2023-10-05 22:00:00,385.6126334312877,22,3,0,0
2023-10-05 23:00:00,246.21451641348722,23,3,0,0
2023-10-06 00:00:00,89.26730127505876,0,4,0,0
2023-10-06 01:00:00,40.0,1,4,0,0
2023-10-06 02:00:00,182.85625495247842,2,4,0,0
2023-10-06 03:00:00,40.0,3,4,0,0
2023-10-06 04:00:00,40.0,4,4,0,0
2023-10-06 05:00:00,220.34187434566337,5,4,0,0
2023-10-06 06:00:00,383.37156702858056,6,4,0,0
2023-10-06 07:00:00,573.8212936224419,7,4,0,0
2023-10-06 08:00:00,275.1885305410601,8,4,0,0
2023-10-06 09:00:00,625.0502885047224,9,4,0,1
2023-10-06 10:00:00,701.1241002535346,10,4,0,1
2023-10-06 11:00:00,460.9027528743839,11,4,0,1
2023-10-06 12:00:00,698.7379907034033,12,4,0,1
2023-10-06 13:00:00,769.9871186834627,13,4,0,1
2023-10-06 14:00:00,605.6532765479113,14,4,0,1
2023-10-06 15:00:00,749.8183321242999,15,4,0,1
2023-10-06 16:00:00,838.9802423408061,16,4,0,1
2023-10-06 17:00:00,615.7994099708752,17,4,0,1
2023-10-06 18:00:00,608.7131481199579,18,4,0,0
2023-10-06 19:00:00,526.3111165194222,19,4,0,0
2023-10-06 20:00:00,420.34817238402394,20,4,0,0
2023-10-06 21:00:00,276.48665054168544,21,4,0,0
2023-10-06 22:00:00,394.8454355985709,22,4,0,0
2023-10-06 23:00:00,94.10927349908852,23,4,0,0
2023-10-07 00:00:00,40.0,0,5,1,0
2023-10-07 01:00:00,185.68621676372,1,5,1,0
2023-10-07 02:00:00,40.0,2,5,1,0
2023-10-07 03:00:00,40.0,3,5,1,0
2023-10-07 04:00:00,108.23031127937398,4,5,1,0
2023-10-07 05:00:00,42.376077261032435,5,5,1,0
2023-10-07 06:00:00,342.08388073683443,6,5,1,0
2023-10-07 07:00:00,293.5066130232222,7,5,1,0
2023-10-07 08:00:00,50.849211286399225,8,5,1,0
2023-10-07 09:00:00,538.6989553247671,9,5,1,1
2023-10-07 10:00:00,712.1289014486529,10,5,1,1
2023-10-07 11:00:00,684.2530625114296,11,5,1,1
2023-10-07 12:00:00,162.69568534952765,12,5,1,1
2023-10-07 13:00:00,680.3470745460701,13,5,1,1
2023-10-07 14:00:00,583.9905027309944,14,5,1,1
2023-10-07 15:00:00,496.107238611997,15,5,1,1
2023-10-07 16:00:00,602.0864717544915,16,5,1,1
2023-10-07 17:00:00,512.2944663031087,17,5,1,1
2023-10-07 18:00:00,524.7646720648406,18,5,1,0
2023-10-07 19:00:00,403.8989687903377,19,5,1,0
2023-10-07 20:00:00,202.9468525498635,20,5,1,0
2023-10-07 21:00:00,219.694581530633,21,5,1,0
2023-10-07 22:00:00,164.0751801310006,22,5,1,0
2023-10-07 23:00:00,40.0,23,5,1,0
2023-10-08 00:00:00,40.0,0,6,1,0
2023-10-08 01:00:00,40.0,1,6,1,0
2023-10-08 02:00:00,190.54817208178673,2,6,1,0
2023-10-08 03:00:00,40.0,3,6,1,0
2023-10-08 04:00:00,40.0,4,6,1,0
2023-10-08 05:00:00,40.0,5,6,1,0
2023-10-08 06:00:00,256.2945862894446,6,6,1,0
2023-10-08 07:00:00,430.39791489300467,7,6,1,0
2023-10-08 08:00:00,577.7662373455718,8,6,1,0
2023-10-08 09:00:00,431.3572712802856,9,6,1,1
2023-10-08 10:00:00,480.5249846676319,10,6,1,1
2023-10-08 11:00:00,464.95136882065003,11,6,1,1
2023-10-08 12:00:00,542.1706177789774,12,6,1,1
2023-10-08 13:00:00,701.7174999714864,13,6,1,1
2023-10-08 14:00:00,602.2149601524304,14,6,1,1
2023-10-08 15:00:00,606.7425953853124,15,6,1,1
2023-10-08 16:00:00,584.3169393878478,16,6,1,1
2023-10-08 17:00:00,459.2687683821781,17,6,1,1
2023-10-08 18:00:00,454.7282244619536,18,6,1,0
2023-10-08 19:00:00,154.780610618787,19,6,1,0
2023-10-08 20:00:00,403.3046113387562,20,6,1,0
2023-10-08 21:00:00,571.0994154164362,21,6,1,0
2023-10-08 22:00:00,186.38497307043454,22,6,1,0
2023-10-08 23:00:00,272.5031173059664,23,6,1,0
2023-10-09 00:00:00,126.31165793216039,0,0,0,0
2023-10-09 01:00:00,177.91065260303208,1,0,0,0
2023-10-09 02:00:00,40.0,2,0,0,0
2023-10-09 03:00:00,40.0,3,0,0,0
2023-10-09 04:00:00,58.528302384762355,4,0,0,0
2023-10-09 05:00:00,43.890775366751996,5,0,0,0
2023-10-09 06:00:00,274.3077936513828,6,0,0,0
2023-10-09 07:00:00,345.087038678616,7,0,0,0
2023-10-09 08:00:00,439.0470351228036,8,0,0,0
2023-10-09 09:00:00,539.798121644566,9,0,0,1
2023-10-09 10:00:00,618.0343346678648,10,0,0,1
2023-10-09 11:00:00,636.5878979737086,11,0,0,1
2023-10-09 12:00:00,780.3117256456875,12,0,0,1
2023-10-09 13:00:00,748.5669095137691,13,0,0,1
2023-10-09 14:00:00,877.0430601842384,14,0,0,1
2023-10-09 15:00:00,707.4774710495725,15,0,0,1
2023-10-09 16:00:00,742.9652485053209,16,0,0,1
2023-10-09 17:00:00,467.86154725977644,17,0,0,1
2023-10-09 18:00:00,535.267913104217,18,0,0,0
2023-10-09 19:00:00,564.4853291277014,19,0,0,0
2023-10-09 20:00:00,297.75719771570766,20,0,0,0
2023-10-09 21:00:00,322.6964362627268,21,0,0,0
2023-10-09 22:00:00,40.0,22,0,0,0
2023-10-09 23:00:00,120.3844318583688,23,0,0,0
2023-10-10 00:00:00,40.0,0,1,0,0
2023-10-10 01:00:00,40.0,1,1,0,0
2023-10-10 02:00:00,64.63118529326708,2,1,0,0
2023-10-10 03:00:00,40.0,3,1,0,0
2023-10-10 04:00:00,40.0,4,1,0,0
2023-10-10 05:00:00,40.0,5,1,0,0
2023-10-10 06:00:00,401.71324849736243,6,1,0,0
2023-10-10 07:00:00,386.6468750507032,7,1,0,0
2023-10-10 08:00:00,381.7319101640324,8,1,0,0
2023-10-10 09:00:00,651.582622021055,9,1,0,1
2023-10-10 10:00:00,813.6541743586067,10,1,0,1
2023-10-10 11:00:00,513.2210830858036,11,1,0,1
2023-10-10 12:00:00,796.8994738726348,12,1,0,1
2023-10-10 13:00:00,1153.5573642291188,13,1,0,1
2023-10-10 14:00:00,833.6246649260233,14,1,0,1
2023-10-10 15:00:00,796.6237276464658,15,1,0,1
2023-10-10 16:00:00,727.5101926601398,16,1,0,1
2023-10-10 17:00:00,721.531959212733,17,1,0,1
2023-10-10 18:00:00,670.2450694250606,18,1,0,0
2023-10-10 19:00:00,347.0146576918021,19,1,0,0
2023-10-10 20:00:00,418.62734632601644,20,1,0,0
2023-10-10 21:00:00,88.76874968504774,21,1,0,0
2023-10-10 22:00:00,290.66976461792314,22,1,0,0
2023-10-10 23:00:00,176.23069362355878,23,1,0,0
2023-10-11 00:00:00,64.82380899887636,0,2,0,0
2023-10-11 01:00:00,40.0,1,2,0,0
2023-10-11 02:00:00,40.0,2,2,0,0
2023-10-11 03:00:00,141.26178419195574,3,2,0,0
2023-10-11 04:00:00,40.0,4,2,0,0
2023-10-11 05:00:00,40.0,5,2,0,0
2023-10-11 06:00:00,346.69173698798124,6,2,0,0
2023-10-11 07:00:00,290.72501425362054,7,2,0,0
2023-10-11 08:00:00,399.4991293919283,8,2,0,0
2023-10-11 09:00:00,408.8023322165929,9,2,0,1
2023-10-11 10:00:00,816.5847787766781,10,2,0,1
2023-10-11 11:00:00,475.7414488114224,11,2,0,1
2023-10-11 12:00:00,1074.2177388746861,12,2,0,1
2023-10-11 13:00:00,735.8942276165903,13,2,0,1
2023-10-11 14:00:00,822.0135891461762,14,2,0,1
2023-10-11 15:00:00,713.7950411942145,15,2,0,1
2023-10-11 16:00:00,660.2022382647189,16,2,0,1
2023-10-11 17:00:00,568.5305887019281,17,2,0,1
2023-10-11 18:00:00,651.8081248843109,18,2,0,0
2023-10-11 19:00:00,327.0907193568572,19,2,0,0
2023-10-11 20:00:00,465.4984070297961,20,2,0,0
2023-10-11 21:00:00,98.96936521851984,21,2,0,0
2023-10-11 22:00:00,348.61121114951476,22,2,0,0
2023-10-11 23:00:00,386.4504375940704,23,2,0,0
2023-10-12 00:00:00,40.0,0,3,0,0
2023-10-12 01:00:00,105.73393208318598,1,3,0,0
2023-10-12 02:00:00,40.0,2,3,0,0
2023-10-12 03:00:00,217.08764877242305,3,3,0,0
2023-10-12 04:00:00,40.0,4,3,0,0
2023-10-12 05:00:00,366.3736409349483,5,3,0,0
2023-10-12 06:00:00,40.0,6,3,0,0
2023-10-12 07:00:00,321.5680373484018,7,3,0,0
2023-10-12 08:00:00,217.9770164459239,8,3,0,0
2023-10-12 09:00:00,718.5131838140759,9,3,0,1
2023-10-12 10:00:00,548.2530501811743,10,3,0,1
2023-10-12 11:00:00,642.10796782953,11,3,0,1
2023-10-12 12:00:00,787.3868372175989,12,3,0,1
2023-10-12 13:00:00,782.193988947478,13,3,0,1
2023-10-12 14:00:00,728.7486132318398,14,3,0,1
2023-10-12 15:00:00,631.9729412312668,15,3,0,1
2023-10-12 16:00:00,754.4198737273849,16,3,0,1
2023-10-12 17:00:00,708.1702130365813,17,3,0,1
2023-10-12 18:00:00,663.1024378072822,18,3,0,0
2023-10-12 19:00:00,725.9139046288866,19,3,0,0
2023-10-12 20:00:00,160.95311319099682,20,3,0,0
2023-10-12 21:00:00,352.9824297424123,21,3,0,0
2023-10-12 22:00:00,458.7962989110745,22,3,0,0
2023-10-12 23:00:00,269.61063394954374,23,3,0,0
2023-10-13 00:00:00,40.0,0,4,0,0
2023-10-13 01:00:00,40.0,1,4,0,0
2023-10-13 02:00:00,64.05048576741989,2,4,0,0
2023-10-13 03:00:00,60.34014951548319,3,4,0,0
2023-10-13 04:00:00,107.16283208383331,4,4,0,0
2023-10-13 05:00:00,40.0,5,4,0,0
2023-10-13 06:00:00,346.9737468028188,6,4,0,0
2023-10-13 07:00:00,247.6048964771779,7,4,0,0
2023-10-13 08:00:00,453.0003409579188,8,4,0,0
2023-10-13 09:00:00,502.77214624452876,9,4,0,1
2023-10-13 10:00:00,481.15396701952614,10,4,0,1
2023-10-13 11:00:00,849.6922128053665,11,4,0,1
2023-10-13 12:00:00,529.521951427887,12,4,0,1
2023-10-13 13:00:00,765.7760933454892,13,4,0,1
2023-10-13 14:00:00,698.8513322810828,14,4,0,1
2023-10-13 15:00:00,1002.8748556095055,15,4,0,1
2023-10-13 16:00:00,806.0060263618236,16,4,0,1
2023-10-13 17:00:00,584.7929320693972,17,4,0,1
2023-10-13 18:00:00,546.0913347206299,18,4,0,0
2023-10-13 19:00:00,719.7375674697674,19,4,0,0
2023-10-13 20:00:00,308.25230591307223,20,4,0,0
2023-10-13 21:00:00,149.37471275706986,21,4,0,0
2023-10-13 22:00:00,350.70858210816084,22,4,0,0
2023-10-13 23:00:00,322.1901689711459,23,4,0,0
2023-10-14 00:00:00,99.22214840887779,0,5,1,0
2023-10-14 01:00:00,100.14294720618366,1,5,1,0
2023-10-14 02:00:00,232.18236113296916,2,5,1,0
2023-10-14 03:00:00,40.0,3,5,1,0
2023-10-14 04:00:00,40.0,4,5,1,0
2023-10-14 05:00:00,102.22866606411908,5,5,1,0
2023-10-14 06:00:00,119.95514668426966,6,5,1,0
2023-10-14 07:00:00,114.0962379486659,7,5,1,0
2023-10-14 08:00:00,561.3456516507732,8,5,1,0
2023-10-14 09:00:00,202.71629027396872,9,5,1,1
2023-10-14 10:00:00,421.5730910979823,10,5,1,1
2023-10-14 11:00:00,523.0440475433066,11,5,1,1
2023-10-14 12:00:00,744.4550093934921,12,5,1,1
2023-10-14 13:00:00,401.96012205150566,13,5,1,1
2023-10-14 14:00:00,689.8570181807498,14,5,1,1
2023-10-14 15:00:00,519.3712420541927,15,5,1,1
2023-10-14 16:00:00,662.6719578689929,16,5,1,1
2023-10-14 17:00:00,421.35121456785214,17,5,1,1
2023-10-14 18:00:00,652.402486293553,18,5,1,0
2023-10-14 19:00:00,288.99294386253257,19,5,1,0
2023-10-14 20:00:00,42.00674066975074,20,5,1,0
2023-10-14 21:00:00,194.2248847708334,21,5,1,0
2023-10-14 22:00:00,221.27419362173512,22,5,1,0
2023-10-14 23:00:00,357.5251246852431,23,5,1,0
2023-10-15 00:00:00,40.0,0,6,1,0
2023-10-15 01:00:00,40.0,1,6,1,0
2023-10-15 02:00:00,134.96703148999137,2,6,1,0
2023-10-15 03:00:00,40.0,3,6,1,0
2023-10-15 04:00:00,40.0,4,6,1,0
2023-10-15 05:00:00,40.0,5,6,1,0
2023-10-15 06:00:00,278.739751251158,6,6,1,0
2023-10-15 07:00:00,198.9050094938775,7,6,1,0
2023-10-15 08:00:00,226.20497897559318,8,6,1,0
2023-10-15 09:00:00,437.2966790839582,9,6,1,1
2023-10-15 10:00:00,356.2062331708854,10,6,1,1
2023-10-15 11:00:00,366.97183887677426,11,6,1,1
2023-10-15 12:00:00,734.694610900101,12,6,1,1
2023-10-15 13:00:00,684.787934810904,13,6,1,1
2023-10-15 14:00:00,852.1002874918408,14,6,1,1
2023-10-15 15:00:00,720.2926071914356,15,6,1,1
2023-10-15 16:00:00,435.18137416211897,16,6,1,1
2023-10-15 17:00:00,541.7324504982747,17,6,1,1
2023-10-15 18:00:00,341.8503449850702,18,6,1,0
2023-10-15 19:00:00,198.91619446748913,19,6,1,0
2023-10-15 20:00:00,283.78037820814274,20,6,1,0
2023-10-15 21:00:00,406.67073977568407,21,6,1,0
2023-10-15 22:00:00,285.6197321845034,22,6,1,0
2023-10-15 23:00:00,60.735364154713494,23,6,1,0
2023-10-16 00:00:00,40.0,0,0,0,0
2023-10-16 01:00:00,40.0,1,0,0,0
2023-10-16 02:00:00,40.0,2,0,0,0
2023-10-16 03:00:00,110.85715795931576,3,0,0,0
2023-10-16 04:00:00,40.0,4,0,0,0
2023-10-16 05:00:00,40.0,5,0,0,0
2023-10-16 06:00:00,142.126927363575,6,0,0,0
2023-10-16 07:00:00,493.1881668153302,7,0,0,0
2023-10-16 08:00:00,376.10781786318955,8,0,0,0
2023-10-16 09:00:00,639.2289260668733,9,0,0,1
2023-10-16 10:00:00,768.3158270274005,10,0,0,1
2023-10-16 11:00:00,785.4039698565549,11,0,0,1
2023-10-16 12:00:00,670.1864558532745,12,0,0,1
2023-10-16 13:00:00,483.0289569586789,13,0,0,1
2023-10-16 14:00:00,837.5595565441794,14,0,0,1
2023-10-16 15:00:00,1033.7597756801783,15,0,0,1
2023-10-16 16:00:00,729.9514560665144,16,0,0,1
2023-10-16 17:00:00,423.9323148579464,17,0,0,1
2023-10-16 18:00:00,498.67174986746056,18,0,0,0
2023-10-16 19:00:00,474.3386896200874,19,0,0,0
2023-10-16 20:00:00,290.0467536303002,20,0,0,0
2023-10-16 21:00:00,53.43401726715024,21,0,0,0
2023-10-16 22:00:00,304.04566618668815,22,0,0,0
2023-10-16 23:00:00,190.36817531929233,23,0,0,0
2023-10-17 00:00:00,236.8454988106081,0,1,0,0
2023-10-17 01:00:00,40.0,1,1,0,0
2023-10-17 02:00:00,80.97157143394858,2,1,0,0
2023-10-17 03:00:00,40.0,3,1,0,0
2023-10-17 04:00:00,40.0,4,1,0,0
2023-10-17 05:00:00,40.0,5,1,0,0
2023-10-17 06:00:00,190.96780198594843,6,1,0,0
2023-10-17 07:00:00,491.74225758305914,7,1,0,0
2023-10-17 08:00:00,446.9408180882995,8,1,0,0
2023-10-17 09:00:00,448.5658524462023,9,1,0,1
2023-10-17 10:00:00,637.9977184149795,10,1,0,1
2023-10-17 11:00:00,723.4136062947152,11,1,0,1
2023-10-17 12:00:00,973.1056214006783,12,1,0,1
2023-10-17 13:00:00,802.3385725730219,13,1,0,1
2023-10-17 14:00:00,672.4990909387639,14,1,0,1
2023-10-17 15:00:00,768.8870333568725,15,1,0,1
2023-10-17 16:00:00,807.1061407019386,16,1,0,1
2023-10-17 17:00:00,782.1892584852883,17,1,0,1
2023-10-17 18:00:00,385.85334478372914,18,1,0,0
2023-10-17 19:00:00,526.8314889311216,19,1,0,0
2023-10-17 20:00:00,314.13479042090194,20,1,0,0
2023-10-17 21:00:00,293.1126624704038,21,1,0,0
2023-10-17 22:00:00,417.2885135217102,22,1,0,0
2023-10-17 23:00:00,374.1031496140354,23,1,0,0
2023-10-18 00:00:00,40.0,0,2,0,0
2023-10-18 01:00:00,40.0,1,2,0,0
2023-10-18 02:00:00,40.0,2,2,0,0
2023-10-18 03:00:00,372.2808329242943,3,2,0,0
2023-10-18 04:00:00,59.863448256354346,4,2,0,0
2023-10-18 05:00:00,40.0,5,2,0,0
2023-10-18 06:00:00,474.44781615903827,6,2,0,0
2023-10-18 07:00:00,524.0038573067327,7,2,0,0
2023-10-18 08:00:00,636.8058669835,8,2,0,0
2023-10-18 09:00:00,746.9459244933153,9,2,0,1
2023-10-18 10:00:00,664.5829553830101,10,2,0,1
2023-10-18 11:00:00,620.7279678604687,11,2,0,1
2023-10-18 12:00:00,709.8842533348551,12,2,0,1
2023-10-18 13:00:00,747.7215751139674,13,2,0,1
2023-10-18 14:00:00,751.5493559385168,14,2,0,1
2023-10-18 15:00:00,931.5630281813835,15,2,0,1
2023-10-18 16:00:00,734.2847742796905,16,2,0,1
2023-10-18 17:00:00,779.2808008917888,17,2,0,1
2023-10-18 18:00:00,660.8391560127934,18,2,0,0
2023-10-18 19:00:00,364.5480870174539,19,2,0,0
2023-10-18 20:00:00,215.74418133720184,20,2,0,0
2023-10-18 21:00:00,212.70893742252906,21,2,0,0
2023-10-18 22:00:00,264.58299448480847,22,2,0,0
2023-10-18 23:00:00,300.6726969143525,23,2,0,0
2023-10-19 00:00:00,40.0,0,3,0,0
2023-10-19 01:00:00,108.6526374858689,1,3,0,0
2023-10-19 02:00:00,40.0,2,3,0,0
2023-10-19 03:00:00,56.111366711555625,3,3,0,0
2023-10-19 04:00:00,40.57026996233719,4,3,0,0
2023-10-19 05:00:00,236.58730350270713,5,3,0,0
2023-10-19 06:00:00,198.7588476004704,6,3,0,0
2023-10-19 07:00:00,626.1187843633015,7,3,0,0
2023-10-19 08:00:00,350.48339939192334,8,3,0,0
2023-10-19 09:00:00,335.57985574880684,9,3,0,1
2023-10-19 10:00:00,553.6273705878901,10,3,0,1
2023-10-19 11:00:00,1051.526874950261,11,3,0,1
2023-10-19 12:00:00,841.6228936496084,12,3,0,1
2023-10-19 13:00:00,855.126303719704,13,3,0,1
2023-10-19 14:00:00,895.4224233969825,14,3,0,1
2023-10-19 15:00:00,690.4193955664757,15,3,0,1
2023-10-19 16:00:00,773.3235906112765,16,3,0,1
2023-10-19 17:00:00,663.0104531518987,17,3,0,1
2023-10-19 18:00:00,796.7451792764039,18,3,0,0
2023-10-19 19:00:00,483.34415660170566,19,3,0,0
2023-10-19 20:00:00,376.41219637138687,20,3,0,0
2023-10-19 21:00:00,221.3325657404422,21,3,0,0
2023-10-19 22:00:00,332.58949703757696,22,3,0,0
2023-10-19 23:00:00,319.7075449044677,23,3,0,0
2023-10-20 00:00:00,40.0,0,4,0,0
2023-10-20 01:00:00,78.66445236420581,1,4,0,0
2023-10-20 02:00:00,52.60364666152459,2,4,0,0
2023-10-20 03:00:00,146.88996531553397,3,4,0,0
2023-10-20 04:00:00,171.94464243113924,4,4,0,0
2023-10-20 05:00:00,40.0,5,4,0,0
2023-10-20 06:00:00,191.42397251665165,6,4,0,0
2023-10-20 07:00:00,261.4339037593795,7,4,0,0
2023-10-20 08:00:00,633.2607012901668,8,4,0,0
2023-10-20 09:00:00,516.2454097668112,9,4,0,1
2023-10-20 10:00:00,789.1956229852016,10,4,0,1
2023-10-20 11:00:00,722.5427553323116,11,4,0,1
2023-10-20 12:00:00,824.6465419087872,12,4,0,1
2023-10-20 13:00:00,895.4174452553317,13,4,0,1
2023-10-20 14:00:00,653.2233422708692,14,4,0,1
2023-10-20 15:00:00,819.6047013202557,15,4,0,1
2023-10-20 16:00:00,585.7583972839259,16,4,0,1
2023-10-20 17:00:00,628.5206953685482,17,4,0,1
2023-10-20 18:00:00,656.4775257738407,18,4,0,0
2023-10-20 19:00:00,373.34661572820966,19,4,0,0
2023-10-20 20:00:00,488.9258606639965,20,4,0,0
2023-10-20 21:00:00,181.30421516883658,21,4,0,0
2023-10-20 22:00:00,452.98613748789137,22,4,0,0
2023-10-20 23:00:00,204.8208630295658,23,4,0,0
2023-10-21 00:00:00,40.0,0,5,1,0
2023-10-21 01:00:00,40.0,1,5,1,0
2023-10-21 02:00:00,40.0,2,5,1,0
2023-10-21 03:00:00,40.0,3,5,1,0
2023-10-21 04:00:00,40.0,4,5,1,0
2023-10-21 05:00:00,154.70270903054634,5,5,1,0
2023-10-21 06:00:00,229.98481492122244,6,5,1,0
2023-10-21 07:00:00,147.58456083099264,7,5,1,0
2023-10-21 08:00:00,364.5959033647977,8,5,1,0
2023-10-21 09:00:00,413.656839178672,9,5,1,1
2023-10-21 10:00:00,698.5189310615457,10,5,1,1
2023-10-21 11:00:00,625.0546639159239,11,5,1,1
2023-10-21 12:00:00,624.0303876186401,12,5,1,1
2023-10-21 13:00:00,734.8244748485478,13,5,1,1
2023-10-21 14:00:00,623.8742718183925,14,5,1,1
2023-10-21 15:00:00,617.1669073366581,15,5,1,1
2023-10-21 16:00:00,786.4314487696867,16,5,1,1
2023-10-21 17:00:00,333.89865847312547,17,5,1,1
2023-10-21 18:00:00,579.8791971281724,18,5,1,0
2023-10-21 19:00:00,383.8143689911501,19,5,1,0
2023-10-21 20:00:00,302.4655748261385,20,5,1,0
2023-10-21 21:00:00,222.539282696544,21,5,1,0
2023-10-21 22:00:00,271.0710893577051,22,5,1,0
2023-10-21 23:00:00,222.41912392520604,23,5,1,0
2023-10-22 00:00:00,40.0,0,6,1,0
2023-10-22 01:00:00,40.0,1,6,1,0
2023-10-22 02:00:00,40.0,2,6,1,0
2023-10-22 03:00:00,40.0,3,6,1,0
2023-10-22 04:00:00,40.0,4,6,1,0
2023-10-22 05:00:00,40.91199465059765,5,6,1,0
2023-10-22 06:00:00,488.2005130517831,6,6,1,0
2023-10-22 07:00:00,214.97205151817928,7,6,1,0
2023-10-22 08:00:00,214.59660292688034,8,6,1,0
2023-10-22 09:00:00,311.3698151173114,9,6,1,1
2023-10-22 10:00:00,482.1271076635135,10,6,1,1
2023-10-22 11:00:00,600.8043968666279,11,6,1,1
2023-10-22 12:00:00,674.760037926244,12,6,1,1
2023-10-22 13:00:00,725.5414488335141,13,6,1,1
2023-10-22 14:00:00,756.307670513437,14,6,1,1
2023-10-22 15:00:00,592.7504525486218,15,6,1,1
2023-10-22 16:00:00,833.7354344068438,16,6,1,1
2023-10-22 17:00:00,487.5959191520235,17,6,1,1
2023-10-22 18:00:00,476.8466047121688,18,6,1,0
2023-10-22 19:00:00,552.6085946864061,19,6,1,0
2023-10-22 20:00:00,405.41530873507264,20,6,1,0
2023-10-22 21:00:00,40.0,21,6,1,0
2023-10-22 22:00:00,253.30650652562485,22,6,1,0
2023-10-22 23:00:00,331.0784306361444,23,6,1,0
2023-10-23 00:00:00,40.0,0,0,0,0
2023-10-23 01:00:00,114.36795529241509,1,0,0,0
2023-10-23 02:00:00,71.44057660775594,2,0,0,0
2023-10-23 03:00:00,167.34693219164706,3,0,0,0
2023-10-23 04:00:00,40.0,4,0,0,0
2023-10-23 05:00:00,147.96254235893014,5,0,0,0
2023-10-23 06:00:00,334.9407483006029,6,0,0,0
2023-10-23 07:00:00,573.0345299110114,7,0,0,0
2023-10-23 08:00:00,756.131374258275,8,0,0,0
2023-10-23 09:00:00,680.9863352784103,9,0,0,1
2023-10-23 10:00:00,637.3194108120616,10,0,0,1
2023-10-23 11:00:00,941.2306566412606,11,0,0,1
2023-10-23 12:00:00,806.6156304475314,12,0,0,1
2023-10-23 13:00:00,673.8171256840386,13,0,0,1
2023-10-23 14:00:00,795.287203165811,14,0,0,1
2023-10-23 15:00:00,874.1712736621528,15,0,0,1
2023-10-23 16:00:00,833.3127641217811,16,0,0,1
2023-10-23 17:00:00,527.6783903369248,17,0,0,1
2023-10-23 18:00:00,448.433295063914,18,0,0,0
2023-10-23 19:00:00,455.42950104692216,19,0,0,0
2023-10-23 20:00:00,485.9506153354187,20,0,0,0
2023-10-23 21:00:00,440.6159994103272,21,0,0,0
2023-10-23 22:00:00,332.7443735050804,22,0,0,0
2023-10-23 23:00:00,184.4218768600898,23,0,0,0
2023-10-24 00:00:00,232.55565266493457,0,1,0,0
2023-10-24 01:00:00,40.0,1,1,0,0
2023-10-24 02:00:00,180.90299318859294,2,1,0,0
2023-10-24 03:00:00,113.93526814352616,3,1,0,0
2023-10-24 04:00:00,180.10034474751825,4,1,0,0
2023-10-24 05:00:00,40.0,5,1,0,0
2023-10-24 06:00:00,298.66925484179865,6,1,0,0
2023-10-24 07:00:00,367.7136002984621,7,1,0,0
2023-10-24 08:00:00,364.63765044849407,8,1,0,0
2023-10-24 09:00:00,523.4176970115158,9,1,0,1
2023-10-24 10:00:00,769.1479041676196,10,1,0,1
2023-10-24 11:00:00,507.09011545368725,11,1,0,1
2023-10-24 12:00:00,655.3328604620426,12,1,0,1
2023-10-24 13:00:00,690.8811730620018,13,1,0,1
2023-10-24 14:00:00,788.6698085436743,14,1,0,1
2023-10-24 15:00:00,766.507459029288,15,1,0,1
2023-10-24 16:00:00,826.8760155802581,16,1,0,1
2023-10-24 17:00:00,666.756949464409,17,1,0,1
2023-10-24 18:00:00,616.003162645391,18,1,0,0
2023-10-24 19:00:00,544.200448053544,19,1,0,0
2023-10-24 20:00:00,451.25386906537324,20,1,0,0
2023-10-24 21:00:00,445.5060607996479,21,1,0,0
2023-10-24 22:00:00,301.10895275657373,22,1,0,0
2023-10-24 23:00:00,482.1175324112072,23,1,0,0
2023-10-25 00:00:00,329.11688110887326,0,2,0,0
2023-10-25 01:00:00,109.03253684898507,1,2,0,0
2023-10-25 02:00:00,51.981043451228885,2,2,0,0
2023-10-25 03:00:00,100.22635124755155,3,2,0,0
2023-10-25 04:00:00,40.0,4,2,0,0
2023-10-25 05:00:00,50.06798858407054,5,2,0,0
2023-10-25 06:00:00,228.0288057786701,6,2,0,0
2023-10-25 07:00:00,422.30572349357647,7,2,0,0
2023-10-25 08:00:00,334.6422647634182,8,2,0,0
2023-10-25 09:00:00,455.0133891490364,9,2,0,1
2023-10-25 10:00:00,355.0206607763084,10,2,0,1
2023-10-25 11:00:00,521.9206943201239,11,2,0,1
2023-10-25 12:00:00,776.783121799699,12,2,0,1
2023-10-25 13:00:00,678.5090819085409,13,2,0,1
2023-10-25 14:00:00,927.6528780542692,14,2,0,1
2023-10-25 15:00:00,668.3039206971551,15,2,0,1
2023-10-25 16:00:00,788.5888056016659,16,2,0,1
2023-10-25 17:00:00,571.285101637233,17,2,0,1
2023-10-25 18:00:00,625.9135424430978,18,2,0,0
2023-10-25 19:00:00,312.21220310068725,19,2,0,0
2023-10-25 20:00:00,367.4234246451289,20,2,0,0
2023-10-25 21:00:00,259.56289919020867,21,2,0,0
2023-10-25 22:00:00,421.7756676495807,22,2,0,0
2023-10-25 23:00:00,340.024820616712,23,2,0,0
2023-10-26 00:00:00,40.0,0,3,0,0
2023-10-26 01:00:00,40.0,1,3,0,0
2023-10-26 02:00:00,40.0,2,3,0,0
2023-10-26 03:00:00,139.3073373937074,3,3,0,0
2023-10-26 04:00:00,179.04336600138348,4,3,0,0
2023-10-26 05:00:00,40.0,5,3,0,0
2023-10-26 06:00:00,414.9921155382808,6,3,0,0
2023-10-26 07:00:00,262.31296511381174,7,3,0,0
2023-10-26 08:00:00,391.45536899435757,8,3,0,0
2023-10-26 09:00:00,500.2571900794188,9,3,0,1
2023-10-26 10:00:00,797.6499090657314,10,3,0,1
2023-10-26 11:00:00,542.2482098701378,11,3,0,1
2023-10-26 12:00:00,834.3682321645697,12,3,0,1
2023-10-26 13:00:00,642.1900823263984,13,3,0,1
2023-10-26 14:00:00,651.1287698191119,14,3,0,1
2023-10-26 15:00:00,786.1862251170512,15,3,0,1
2023-10-26 16:00:00,736.8058043661401,16,3,0,1
2023-10-26 17:00:00,322.8319788975336,17,3,0,1
2023-10-26 18:00:00,718.8087241641344,18,3,0,0
2023-10-26 19:00:00,239.69298766040185,19,3,0,0
2023-10-26 20:00:00,404.2928893870797,20,3,0,0
2023-10-26 21:00:00,520.4223476173736,21,3,0,0
2023-10-26 22:00:00,580.8898346151445,22,3,0,0
2023-10-26 23:00:00,240.98734123957792,23,3,0,0
2023-10-27 00:00:00,40.0,0,4,0,0
2023-10-27 01:00:00,179.15060696909168,1,4,0,0
2023-10-27 02:00:00,128.44088982057303,2,4,0,0
2023-10-27 03:00:00,40.0,3,4,0,0
2023-10-27 04:00:00,40.0,4,4,0,0
2023-10-27 05:00:00,40.0,5,4,0,0
2023-10-27 06:00:00,274.4373743243471,6,4,0,0
2023-10-27 07:00:00,399.0366705129326,7,4,0,0
2023-10-27 08:00:00,353.88363179226326,8,4,0,0
2023-10-27 09:00:00,443.63704952463513,9,4,0,1
2023-10-27 10:00:00,656.6106517683437,10,4,0,1
2023-10-27 11:00:00,484.82048018677926,11,4,0,1
2023-10-27 12:00:00,689.0859790577439,12,4,0,1
2023-10-27 13:00:00,581.6576890148604,13,4,0,1
2023-10-27 14:00:00,813.0094968023482,14,4,0,1
2023-10-27 15:00:00,550.0419623297277,15,4,0,1
2023-10-27 16:00:00,840.999480666545,16,4,0,1
2023-10-27 17:00:00,504.9536896188033,17,4,0,1
2023-10-27 18:00:00,366.9477415957001,18,4,0,0
2023-10-27 19:00:00,452.75308708390986,19,4,0,0
2023-10-27 20:00:00,627.138256721922,20,4,0,0
2023-10-27 21:00:00,446.45158783532594,21,4,0,0
2023-10-27 22:00:00,85.11006595802723,22,4,0,0
2023-10-27 23:00:00,123.37829276486258,23,4,0,0
2023-10-28 00:00:00,40.0,0,5,1,0
2023-10-28 01:00:00,288.0302353140528,1,5,1,0
2023-10-28 02:00:00,40.0,2,5,1,0
2023-10-28 03:00:00,40.0,3,5,1,0
2023-10-28 04:00:00,204.4599010519504,4,5,1,0
2023-10-28 05:00:00,46.153130622061695,5,5,1,0
2023-10-28 06:00:00,378.99021016585147,6,5,1,0
2023-10-28 07:00:00,201.63484991867378,7,5,1,0
2023-10-28 08:00:00,325.2480036490544,8,5,1,0
2023-10-28 09:00:00,554.9851695362726,9,5,1,1
2023-10-28 10:00:00,446.34483034296375,10,5,1,1
2023-10-28 11:00:00,664.9345253942508,11,5,1,1
2023-10-28 12:00:00,633.8306884100424,12,5,1,1
2023-10-28 13:00:00,501.4609996351319,13,5,1,1
2023-10-28 14:00:00,638.0419345184772,14,5,1,1
2023-10-28 15:00:00,743.9825681184061,15,5,1,1
2023-10-28 16:00:00,667.688555300325,16,5,1,1
2023-10-28 17:00:00,525.3377938805759,17,5,1,1
2023-10-28 18:00:00,236.7200088746798,18,5,1,0
2023-10-28 19:00:00,181.59036830451723,19,5,1,0
2023-10-28 20:00:00,147.4476346212868,20,5,1,0
2023-10-28 21:00:00,227.63372992780342,21,5,1,0
2023-10-28 22:00:00,207.37606204678877,22,5,1,0
2023-10-28 23:00:00,50.59329177448325,23,5,1,0
2023-10-29 00:00:00,141.99953484561652,0,6,1,0
2023-10-29 01:00:00,40.0,1,6,1,0
2023-10-29 02:00:00,40.0,2,6,1,0
2023-10-29 03:00:00,40.0,3,6,1,0
2023-10-29 04:00:00,138.03698902551608,4,6,1,0
2023-10-29 05:00:00,269.3468203681566,5,6,1,0
2023-10-29 06:00:00,322.5356134303838,6,6,1,0
2023-10-29 07:00:00,478.46636098662384,7,6,1,0
2023-10-29 08:00:00,191.99750716935333,8,6,1,0
2023-10-29 09:00:00,656.2780573530031,9,6,1,1
2023-10-29 10:00:00,240.3476014846011,10,6,1,1
2023-10-29 11:00:00,469.70743122455355,11,6,1,1
2023-10-29 12:00:00,654.6369147073518,12,6,1,1
2023-10-29 13:00:00,433.59044716188885,13,6,1,1
2023-10-29 14:00:00,528.7539889689599,14,6,1,1
2023-10-29 15:00:00,495.90578553064597,15,6,1,1
2023-10-29 16:00:00,550.1320914879307,16,6,1,1
2023-10-29 17:00:00,700.7580844917961,17,6,1,1
2023-10-29 18:00:00,465.74474350579703,18,6,1,0
2023-10-29 19:00:00,341.54167276560105,19,6,1,0
2023-10-29 20:00:00,40.0,20,6,1,0
2023-10-29 21:00:00,344.89741932041903,21,6,1,0
2023-10-29 22:00:00,347.43205596738403,22,6,1,0
2023-10-29 23:00:00,40.0,23,6,1,0
2023-10-30 00:00:00,40.0,0,0,0,0
2023-10-30 01:00:00,47.445802716782346,1,0,0,0
2023-10-30 02:00:00,140.3743146825848,2,0,0,0
2023-10-30 03:00:00,40.0,3,0,0,0
2023-10-30 04:00:00,40.0,4,0,0,0
2023-10-30 05:00:00,40.0,5,0,0,0
2023-10-30 06:00:00,469.9202049457892,6,0,0,0
2023-10-30 07:00:00,486.36994648545726,7,0,0,0
2023-10-30 08:00:00,419.24394545998626,8,0,0,0
2023-10-30 09:00:00,618.7598658546985,9,0,0,1
2023-10-30 10:00:00,295.41422461681566,10,0,0,1
2023-10-30 11:00:00,757.7086818450671,11,0,0,1
2023-10-30 12:00:00,599.9463259097117,12,0,0,1
2023-10-30 13:00:00,994.813550634256,13,0,0,1
2023-10-30 14:00:00,672.290634568013,14,0,0,1
2023-10-30 15:00:00,680.4391514787152,15,0,0,1
2023-10-30 16:00:00,801.6891130631147,16,0,0,1
2023-10-30 17:00:00,741.7846732875684,17,0,0,1
2023-10-30 18:00:00,526.0973199870125,18,0,0,0
2023-10-30 19:00:00,540.9551667228676,19,0,0,0
2023-10-30 20:00:00,481.2509595600943,20,0,0,0
2023-10-30 21:00:00,408.28225215170096,21,0,0,0
2023-10-30 22:00:00,267.24116850549564,22,0,0,0
2023-10-30 23:00:00,345.17864777249036,23,0,0,0
2023-10-31 00:00:00,192.8869481045975,0,1,0,0
2023-10-31 01:00:00,40.0,1,1,0,0
2023-10-31 02:00:00,40.0,2,1,0,0
2023-10-31 03:00:00,40.0,3,1,0,0
2023-10-31 04:00:00,40.0,4,1,0,0
2023-10-31 05:00:00,40.0,5,1,0,0
2023-10-31 06:00:00,446.9625157183379,6,1,0,0
2023-10-31 07:00:00,93.65390150158692,7,1,0,0
2023-10-31 08:00:00,373.51945801775565,8,1,0,0
2023-10-31 09:00:00,587.4600009631445,9,1,0,1
2023-10-31 10:00:00,611.6611441793234,10,1,0,1
2023-10-31 11:00:00,616.2402531963697,11,1,0,1
2023-10-31 12:00:00,602.5055162631783,12,1,0,1
2023-10-31 13:00:00,824.034748884505,13,1,0,1
2023-10-31 14:00:00,681.3926673839752,14,1,0,1
2023-10-31 15:00:00,814.682521664944,15,1,0,1
2023-10-31 16:00:00,751.1083832355441,16,1,0,1
2023-10-31 17:00:00,680.8341262004603,17,1,0,1
2023-10-31 18:00:00,502.8189183375448,18,1,0,0
2023-10-31 19:00:00,740.5877757122787,19,1,0,0
2023-10-31 20:00:00,464.7901777851209,20,1,0,0
2023-10-31 21:00:00,327.6634225183792,21,1,0,0
2023-10-31 22:00:00,347.50022737991964,22,1,0,0
2023-10-31 23:00:00,191.61792761129027,23,1,0,0
2023-11-01 00:00:00,40.0,0,2,0,0
2023-11-01 01:00:00,311.31521173127874,1,2,0,0
2023-11-01 02:00:00,40.0,2,2,0,0
2023-11-01 03:00:00,40.0,3,2,0,0
2023-11-01 04:00:00,40.0,4,2,0,0
2023-11-01 05:00:00,40.0,5,2,0,0
2023-11-01 06:00:00,366.3179574388799,6,2,0,0
2023-11-01 07:00:00,365.48515462324195,7,2,0,0
2023-11-01 08:00:00,531.1286588006672,8,2,0,0
2023-11-01 09:00:00,593.6560330317045,9,2,0,1
2023-11-01 10:00:00,687.7420957241142,10,2,0,1
2023-11-01 11:00:00,552.5257723717248,11,2,0,1
2023-11-01 12:00:00,811.1135613517449,12,2,0,1
2023-11-01 13:00:00,862.603192061564,13,2,0,1
2023-11-01 14:00:00,677.4724402151772,14,2,0,1
2023-11-01 15:00:00,744.5366622394838,15,2,0,1
2023-11-01 16:00:00,559.4648138698972,16,2,0,1
2023-11-01 17:00:00,743.064892999478,17,2,0,1
2023-11-01 18:00:00,659.4598657723515,18,2,0,0
2023-11-01 19:00:00,668.0302184863066,19,2,0,0
2023-11-01 20:00:00,394.3495607829544,20,2,0,0
2023-11-01 21:00:00,415.2848438123924,21,2,0,0
2023-11-01 22:00:00,434.31597073554013,22,2,0,0
2023-11-01 23:00:00,194.08634145564452,23,2,0,0
2023-11-02 00:00:00,40.0,0,3,0,0
2023-11-02 01:00:00,40.0,1,3,0,0
2023-11-02 02:00:00,40.0,2,3,0,0
2023-11-02 03:00:00,40.0,3,3,0,0
2023-11-02 04:00:00,40.0,4,3,0,0
2023-11-02 05:00:00,134.16515277221018,5,3,0,0
2023-11-02 06:00:00,304.226162833188,6,3,0,0
2023-11-02 07:00:00,397.91229826386916,7,3,0,0
2023-11-02 08:00:00,355.71936714644687,8,3,0,0
2023-11-02 09:00:00,422.42283109022316,9,3,0,1
2023-11-02 10:00:00,613.9238761839223,10,3,0,1
2023-11-02 11:00:00,677.8376564742526,11,3,0,1
2023-11-02 12:00:00,827.5566668443416,12,3,0,1
2023-11-02 13:00:00,938.9617710672317,13,3,0,1
2023-11-02 14:00:00,717.0305354868315,14,3,0,1
2023-11-02 15:00:00,886.1127558384063,15,3,0,1
2023-11-02 16:00:00,604.6215253241938,16,3,0,1
2023-11-02 17:00:00,911.563619050238,17,3,0,1
2023-11-02 18:00:00,485.30068306247523,18,3,0,0
2023-11-02 19:00:00,579.2623509629151,19,3,0,0
2023-11-02 20:00:00,291.336541071316,20,3,0,0
2023-11-02 21:00:00,342.85758708712103,21,3,0,0
2023-11-02 22:00:00,501.2757356709251,22,3,0,0
2023-11-02 23:00:00,186.42882664387878,23,3,0,0
2023-11-03 00:00:00,288.624839648965,0,4,0,0
2023-11-03 01:00:00,40.0,1,4,0,0
2023-11-03 02:00:00,141.70760836406146,2,4,0,0
2023-11-03 03:00:00,73.62982294991467,3,4,0,0
2023-11-03 04:00:00,81.30527615447485,4,4,0,0
2023-11-03 05:00:00,40.0,5,4,0,0
2023-11-03 06:00:00,259.0454234551376,6,4,0,0
2023-11-03 07:00:00,504.6256689227813,7,4,0,0
2023-11-03 08:00:00,380.48683750827627,8,4,0,0
2023-11-03 09:00:00,513.0465325182415,9,4,0,1
2023-11-03 10:00:00,393.96651403477654,10,4,0,1
2023-11-03 11:00:00,598.2009441937547,11,4,0,1
2023-11-03 12:00:00,868.9629811631493,12,4,0,1
2023-11-03 13:00:00,628.8550794755197,13,4,0,1
2023-11-03 14:00:00,886.0494844395397,14,4,0,1
2023-11-03 15:00:00,804.1039879369508,15,4,0,1
2023-11-03 16:00:00,705.883607124592,16,4,0,1
2023-11-03 17:00:00,629.1192320352031,17,4,0,1
2023-11-03 18:00:00,520.7336056697162,18,4,0,0
2023-11-03 19:00:00,448.15016594526844,19,4,0,0
2023-11-03 20:00:00,533.3742086980147,20,4,0,0
2023-11-03 21:00:00,309.263235715364,21,4,0,0
2023-11-03 22:00:00,532.69859727558,22,4,0,0
2023-11-03 23:00:00,320.4972252473929,23,4,0,0
2023-11-04 00:00:00,40.0,0,5,1,0
2023-11-04 01:00:00,136.23177019982307,1,5,1,0
2023-11-04 02:00:00,94.56519621410246,2,5,1,0
2023-11-04 03:00:00,40.0,3,5,1,0
2023-11-04 04:00:00,40.0,4,5,1,0
2023-11-04 05:00:00,40.0,5,5,1,0
2023-11-04 06:00:00,62.59725475957882,6,5,1,0
2023-11-04 07:00:00,539.750382976383,7,5,1,0
2023-11-04 08:00:00,436.1121672212617,8,5,1,0
2023-11-04 09:00:00,395.5094044293078,9,5,1,1
2023-11-04 10:00:00,422.6009491176681,10,5,1,1
2023-11-04 11:00:00,458.20850316799533,11,5,1,1
2023-11-04 12:00:00,351.6747534013896,12,5,1,1
2023-11-04 13:00:00,418.2716508479266,13,5,1,1
2023-11-04 14:00:00,868.1344877521128,14,5,1,1
2023-11-04 15:00:00,815.0484457533123,15,5,1,1
2023-11-04 16:00:00,518.2652817670139,16,5,1,1
2023-11-04 17:00:00,639.1280404329701,17,5,1,1
2023-11-04 18:00:00,524.4962285509034,18,5,1,0
2023-11-04 19:00:00,472.02390087154424,19,5,1,0
2023-11-04 20:00:00,166.42297363645608,20,5,1,0
2023-11-04 21:00:00,71.90544403617034,21,5,1,0
2023-11-04 22:00:00,394.54152997838924,22,5,1,0
2023-11-04 23:00:00,40.0,23,5,1,0
2023-11-05 00:00:00,40.0,0,6,1,0
2023-11-05 01:00:00,40.0,1,6,1,0
2023-11-05 02:00:00,40.0,2,6,1,0
2023-11-05 03:00:00,57.95527797846466,3,6,1,0
2023-11-05 04:00:00,40.0,4,6,1,0
2023-11-05 05:00:00,70.25252148638236,5,6,1,0
2023-11-05 06:00:00,269.5688566529459,6,6,1,0
2023-11-05 07:00:00,540.7346772258405,7,6,1,0
2023-11-05 08:00:00,171.1951783583652,8,6,1,0
2023-11-05 09:00:00,400.62162414226236,9,6,1,1
2023-11-05 10:00:00,515.4871475365914,10,6,1,1
2023-11-05 11:00:00,499.3998350271997,11,6,1,1
2023-11-05 12:00:00,426.90959941135816,12,6,1,1
2023-11-05 13:00:00,777.0688227240255,13,6,1,1
2023-11-05 14:00:00,680.4321196172863,14,6,1,1
2023-11-05 15:00:00,474.1888834942108,15,6,1,1
2023-11-05 16:00:00,639.9987678648899,16,6,1,1
2023-11-05 17:00:00,734.3560700974181,17,6,1,1
2023-11-05 18:00:00,459.3678235413493,18,6,1,0
2023-11-05 19:00:00,396.84382573721575,19,6,1,0
2023-11-05 20:00:00,525.604909101739,20,6,1,0
2023-11-05 21:00:00,172.44071692963914,21,6,1,0
2023-11-05 22:00:00,459.9364520044843,22,6,1,0
2023-11-05 23:00:00,344.39198834995443,23,6,1,0
2023-11-06 00:00:00,40.0,0,0,0,0
2023-11-06 01:00:00,40.0,1,0,0,0
2023-11-06 02:00:00,40.0,2,0,0,0
2023-11-06 03:00:00,40.0,3,0,0,0
2023-11-06 04:00:00,57.71707817141653,4,0,0,0
2023-11-06 05:00:00,40.0,5,0,0,0
2023-11-06 06:00:00,351.37391718425977,6,0,0,0
2023-11-06 07:00:00,206.19530338571087,7,0,0,0
2023-11-06 08:00:00,532.5669701480158,8,0,0,0
2023-11-06 09:00:00,584.9017942077643,9,0,0,1
2023-11-06 10:00:00,494.95168775184885,10,0,0,1
2023-11-06 11:00:00,705.8680760596978,11,0,0,1
2023-11-06 12:00:00,744.148732564523,12,0,0,1
2023-11-06 13:00:00,960.646549645102,13,0,0,1
2023-11-06 14:00:00,676.1025238526154,14,0,0,1
2023-11-06 15:00:00,764.494853887455,15,0,0,1
2023-11-06 16:00:00,657.3162290424407,16,0,0,1
2023-11-06 17:00:00,668.0883607658641,17,0,0,1
2023-11-06 18:00:00,643.6500017731058,18,0,0,0
2023-11-06 19:00:00,418.1697972232589,19,0,0,0
2023-11-06 20:00:00,378.11263515397036,20,0,0,0
2023-11-06 21:00:00,477.0333891916204,21,0,0,0
2023-11-06 22:00:00,478.66671804367627,22,0,0,0
2023-11-06 23:00:00,343.7752491065529,23,0,0,0
2023-11-07 00:00:00,40.0,0,1,0,0
2023-11-07 01:00:00,40.0,1,1,0,0
2023-11-07 02:00:00,90.39726325341638,2,1,0,0
2023-11-07 03:00:00,52.6085142980669,3,1,0,0
2023-11-07 04:00:00,40.0,4,1,0,0
2023-11-07 05:00:00,97.14156036516907,5,1,0,0
2023-11-07 06:00:00,212.51938388179568,6,1,0,0
2023-11-07 07:00:00,191.07612440765863,7,1,0,0
2023-11-07 08:00:00,221.6039951476288,8,1,0,0
2023-11-07 09:00:00,470.45415805010566,9,1,0,1
2023-11-07 10:00:00,457.6742459771624,10,1,0,1
2023-11-07 11:00:00,383.5467899451403,11,1,0,1
2023-11-07 12:00:00,691.1836046269561,12,1,0,1
2023-11-07 13:00:00,723.9021111204487,13,1,0,1
2023-11-07 14:00:00,782.0118662409944,14,1,0,1
2023-11-07 15:00:00,707.3028568216673,15,1,0,1
2023-11-07 16:00:00,953.7178250706468,16,1,0,1
2023-11-07 17:00:00,724.7906524758808,17,1,0,1
2023-11-07 18:00:00,519.7035706044974,18,1,0,0
2023-11-07 19:00:00,488.75146209842046,19,1,0,0
2023-11-07 20:00:00,591.5625018201176,20,1,0,0
2023-11-07 21:00:00,475.90323083299586,21,1,0,0
2023-11-07 22:00:00,148.24234088749924,22,1,0,0
2023-11-07 23:00:00,167.63845758301198,23,1,0,0
2023-11-08 00:00:00,40.0,0,2,0,0
2023-11-08 01:00:00,40.0,1,2,0,0
2023-11-08 02:00:00,40.0,2,2,0,0
2023-11-08 03:00:00,40.0,3,2,0,0
2023-11-08 04:00:00,114.74702560517734,4,2,0,0
2023-11-08 05:00:00,136.77456721411903,5,2,0,0
2023-11-08 06:00:00,276.57207746458823,6,2,0,0
2023-11-08 07:00:00,164.94527117420935,7,2,0,0
2023-11-08 08:00:00,296.9561886960669,8,2,0,0
2023-11-08 09:00:00,434.0137078365003,9,2,0,1
2023-11-08 10:00:00,430.2530343289118,10,2,0,1
2023-11-08 11:00:00,799.6132555180377,11,2,0,1
2023-11-08 12:00:00,592.653338417686,12,2,0,1
2023-11-08 13:00:00,856.8181766749769,13,2,0,1
2023-11-08 14:00:00,598.1743573972955,14,2,0,1
2023-11-08 15:00:00,861.6347434622791,15,2,0,1
2023-11-08 16:00:00,717.4860206472631,16,2,0,1
2023-11-08 17:00:00,844.2138613901501,17,2,0,1
2023-11-08 18:00:00,443.86965665351505,18,2,0,0
2023-11-08 19:00:00,428.6929065187126,19,2,0,0
2023-11-08 20:00:00,377.35346955142313,20,2,0,0
2023-11-08 21:00:00,342.8084850066994,21,2,0,0
2023-11-08 22:00:00,274.27005890420423,22,2,0,0
2023-11-08 23:00:00,245.35189697312907,23,2,0,0
2023-11-09 00:00:00,40.0,0,3,0,0
2023-11-09 01:00:00,40.0,1,3,0,0
2023-11-09 02:00:00,143.82224399907375,2,3,0,0
2023-11-09 03:00:00,368.61286224552435,3,3,0,0
2023-11-09 04:00:00,62.25300083502938,4,3,0,0
2023-11-09 05:00:00,40.0,5,3,0,0
2023-11-09 06:00:00,191.64312291070866,6,3,0,0
2023-11-09 07:00:00,434.689373651725,7,3,0,0
2023-11-09 08:00:00,468.0617188224651,8,3,0,0
2023-11-09 09:00:00,462.2718693257034,9,3,0,1
2023-11-09 10:00:00,670.0656939445769,10,3,0,1
2023-11-09 11:00:00,415.04397150330504,11,3,0,1
2023-11-09 12:00:00,824.6857207151082,12,3,0,1
2023-11-09 13:00:00,811.3019510581397,13,3,0,1
2023-11-09 14:00:00,680.4862411060121,14,3,0,1
2023-11-09 15:00:00,610.7717399010704,15,3,0,1
2023-11-09 16:00:00,748.7575393768486,16,3,0,1
2023-11-09 17:00:00,831.5787535259756,17,3,0,1
2023-11-09 18:00:00,552.2859815994306,18,3,0,0
2023-11-09 19:00:00,394.0644806441632,19,3,0,0
2023-11-09 20:00:00,444.7599729370262,20,3,0,0
2023-11-09 21:00:00,579.6131106395537,21,3,0,0
2023-11-09 22:00:00,367.5437361801491,22,3,0,0
2023-11-09 23:00:00,349.28156346733647,23,3,0,0
2023-11-10 00:00:00,170.85833581908497,0,4,0,0
2023-11-10 01:00:00,80.9917078029954,1,4,0,0
2023-11-10 02:00:00,40.0,2,4,0,0
2023-11-10 03:00:00,40.0,3,4,0,0
2023-11-10 04:00:00,40.0,4,4,0,0
2023-11-10 05:00:00,40.0,5,4,0,0
2023-11-10 06:00:00,394.90473295386244,6,4,0,0
2023-11-10 07:00:00,456.9102595866298,7,4,0,0
2023-11-10 08:00:00,442.8740291265345,8,4,0,0
2023-11-10 09:00:00,344.1436453709232,9,4,0,1
2023-11-10 10:00:00,794.0488123102782,10,4,0,1
2023-11-10 11:00:00,612.7649514530933,11,4,0,1
2023-11-10 12:00:00,806.6159866835578,12,4,0,1
2023-11-10 13:00:00,788.6895917106997,13,4,0,1
2023-11-10 14:00:00,825.0396179899898,14,4,0,1
2023-11-10 15:00:00,850.9526917076003,15,4,0,1
2023-11-10 16:00:00,650.6758460552592,16,4,0,1
2023-11-10 17:00:00,819.358468265664,17,4,0,1
2023-11-10 18:00:00,390.1165193886019,18,4,0,0
2023-11-10 19:00:00,371.75992586779785,19,4,0,0
2023-11-10 20:00:00,576.8969066411258,20,4,0,0
2023-11-10 21:00:00,431.9090647572734,21,4,0,0
2023-11-10 22:00:00,620.6346903342751,22,4,0,0
2023-11-10 23:00:00,292.75537812058315,23,4,0,0
2023-11-11 00:00:00,223.34951517718574,0,5,1,0
2023-11-11 01:00:00,40.0,1,5,1,0
2023-11-11 02:00:00,40.0,2,5,1,0
2023-11-11 03:00:00,127.6842437936227,3,5,1,0
2023-11-11 04:00:00,40.0,4,5,1,0
2023-11-11 05:00:00,40.0,5,5,1,0
2023-11-11 06:00:00,392.6952969276615,6,5,1,0
2023-11-11 07:00:00,349.0273464784297,7,5,1,0
2023-11-11 08:00:00,338.77573181489026,8,5,1,0
2023-11-11 09:00:00,343.21644981416534,9,5,1,1
2023-11-11 10:00:00,487.9928405022955,10,5,1,1
2023-11-11 11:00:00,599.4379463761388,11,5,1,1
2023-11-11 12:00:00,508.05129191955683,12,5,1,1
2023-11-11 13:00:00,670.8248124068477,13,5,1,1
2023-11-11 14:00:00,769.4116893038453,14,5,1,1
2023-11-11 15:00:00,599.5191130494192,15,5,1,1
2023-11-11 16:00:00,595.533354374777,16,5,1,1
2023-11-11 17:00:00,588.2216017714086,17,5,1,1
2023-11-11 18:00:00,529.885841482029,18,5,1,0
2023-11-11 19:00:00,502.52377483349596,19,5,1,0
2023-11-11 20:00:00,215.71931065870675,20,5,1,0
2023-11-11 21:00:00,225.41609445355232,21,5,1,0
2023-11-11 22:00:00,193.60476384404404,22,5,1,0
2023-11-11 23:00:00,119.17320008624479,23,5,1,0
2023-11-12 00:00:00,40.0,0,6,1,0
2023-11-12 01:00:00,40.0,1,6,1,0
2023-11-12 02:00:00,163.15200845527087,2,6,1,0
2023-11-12 03:00:00,40.0,3,6,1,0
2023-11-12 04:00:00,209.1494698310376,4,6,1,0
2023-11-12 05:00:00,111.4934046245521,5,6,1,0
2023-11-12 06:00:00,203.94760131325214,6,6,1,0
2023-11-12 07:00:00,362.85744731755756,7,6,1,0
2023-11-12 08:00:00,388.4602949821873,8,6,1,0
2023-11-12 09:00:00,264.89642252091033,9,6,1,1
2023-11-12 10:00:00,461.92840271570407,10,6,1,1
2023-11-12 11:00:00,412.58748898609616,11,6,1,1
2023-11-12 12:00:00,665.8539726184299,12,6,1,1
2023-11-12 13:00:00,540.3899748294756,13,6,1,1
2023-11-12 14:00:00,628.4044556563994,14,6,1,1
2023-11-12 15:00:00,609.4406187641122,15,6,1,1
2023-11-12 16:00:00,601.9480924226247,16,6,1,1
2023-11-12 17:00:00,729.6747514247579,17,6,1,1
2023-11-12 18:00:00,434.8104656085495,18,6,1,0
2023-11-12 19:00:00,543.260603110625,19,6,1,0
2023-11-12 20:00:00,395.04394469674526,20,6,1,0
2023-11-12 21:00:00,459.09510026417945,21,6,1,0
2023-11-12 22:00:00,212.01791271222422,22,6,1,0
2023-11-12 23:00:00,311.1790089421142,23,6,1,0
2023-11-13 00:00:00,40.0,0,0,0,0
2023-11-13 01:00:00,40.0,1,0,0,0
2023-11-13 02:00:00,40.0,2,0,0,0
2023-11-13 03:00:00,95.16170764381249,3,0,0,0
2023-11-13 04:00:00,88.41225823651064,4,0,0,0
2023-11-13 05:00:00,40.0,5,0,0,0
2023-11-13 06:00:00,342.2318644730636,6,0,0,0
2023-11-13 07:00:00,421.49972060779754,7,0,0,0
2023-11-13 08:00:00,417.6455133521631,8,0,0,0
2023-11-13 09:00:00,583.8449191112603,9,0,0,1
2023-11-13 10:00:00,650.763806390527,10,0,0,1
2023-11-13 11:00:00,658.4929475852791,11,0,0,1
2023-11-13 12:00:00,672.8992871836791,12,0,0,1
2023-11-13 13:00:00,907.8756023578537,13,0,0,1
2023-11-13 14:00:00,855.5794517454585,14,0,0,1
2023-11-13 15:00:00,616.9986930031168,15,0,0,1
2023-11-13 16:00:00,760.7059841771398,16,0,0,1
2023-11-13 17:00:00,524.587211978916,17,0,0,1
2023-11-13 18:00:00,463.9090175475736,18,0,0,0
2023-11-13 19:00:00,418.15747834582754,19,0,0,0
2023-11-13 20:00:00,427.1901699998401,20,0,0,0
2023-11-13 21:00:00,406.0467627356912,21,0,0,0
2023-11-13 22:00:00,266.7147319035505,22,0,0,0
2023-11-13 23:00:00,240.73141092695937,23,0,0,0
2023-11-14 00:00:00,40.0,0,1,0,0
2023-11-14 01:00:00,149.98645632745215,1,1,0,0
2023-11-14 02:00:00,40.0,2,1,0,0
2023-11-14 03:00:00,40.0,3,1,0,0
2023-11-14 04:00:00,211.85864372879476,4,1,0,0
2023-11-14 05:00:00,90.52293852150719,5,1,0,0
2023-11-14 06:00:00,467.8094274805581,6,1,0,0
2023-11-14 07:00:00,116.99863028342611,7,1,0,0
2023-11-14 08:00:00,272.73547394438117,8,1,0,0
2023-11-14 09:00:00,558.0724594744801,9,1,0,1
2023-11-14 10:00:00,765.7328406299948,10,1,0,1
2023-11-14 11:00:00,525.7618310924767,11,1,0,1
2023-11-14 12:00:00,687.6668515225907,12,1,0,1
2023-11-14 13:00:00,830.9463083307919,13,1,0,1
2023-11-14 14:00:00,625.7001923494763,14,1,0,1
2023-11-14 15:00:00,845.3735624564706,15,1,0,1
2023-11-14 16:00:00,413.11610756302497,16,1,0,1
2023-11-14 17:00:00,721.7789128496266,17,1,0,1
2023-11-14 18:00:00,460.24697329253354,18,1,0,0
2023-11-14 19:00:00,442.67501973013435,19,1,0,0
2023-11-14 20:00:00,500.03145547311203,20,1,0,0
2023-11-14 21:00:00,414.778752083807,21,1,0,0
2023-11-14 22:00:00,314.83001409029856,22,1,0,0
2023-11-14 23:00:00,400.8381910784495,23,1,0,0
2023-11-15 00:00:00,40.0,0,2,0,0
2023-11-15 01:00:00,48.814544457106365,1,2,0,0
2023-11-15 02:00:00,40.0,2,2,0,0
2023-11-15 03:00:00,135.44025037108062,3,2,0,0
2023-11-15 04:00:00,108.90851663924516,4,2,0,0
2023-11-15 05:00:00,115.25711875190134,5,2,0,0
2023-11-15 06:00:00,513.2335785373593,6,2,0,0
2023-11-15 07:00:00,496.2701973169342,7,2,0,0
2023-11-15 08:00:00,402.9148216678666,8,2,0,0
2023-11-15 09:00:00,496.23454017360433,9,2,0,1
2023-11-15 10:00:00,651.7697751244818,10,2,0,1
2023-11-15 11:00:00,679.0511380835835,11,2,0,1
2023-11-15 12:00:00,818.8190640765395,12,2,0,1
2023-11-15 13:00:00,515.1321603339891,13,2,0,1
2023-11-15 14:00:00,1025.6964222551978,14,2,0,1
2023-11-15 15:00:00,790.0940413335111,15,2,0,1
2023-11-15 16:00:00,539.5024257402662,16,2,0,1
2023-11-15 17:00:00,553.0549749238214,17,2,0,1
2023-11-15 18:00:00,324.137923298768,18,2,0,0
2023-11-15 19:00:00,365.55847296981386,19,2,0,0
2023-11-15 20:00:00,404.7355702839016,20,2,0,0
2023-11-15 21:00:00,542.8742469240652,21,2,0,0
2023-11-15 22:00:00,365.06870886287925,22,2,0,0
2023-11-15 23:00:00,312.49659831795657,23,2,0,0
2023-11-16 00:00:00,40.0,0,3,0,0
2023-11-16 01:00:00,40.0,1,3,0,0
2023-11-16 02:00:00,40.0,2,3,0,0
2023-11-16 03:00:00,40.0,3,3,0,0
2023-11-16 04:00:00,40.0,4,3,0,0
2023-11-16 05:00:00,40.0,5,3,0,0
2023-11-16 06:00:00,275.0983537772813,6,3,0,0
2023-11-16 07:00:00,280.549585792519,7,3,0,0
2023-11-16 08:00:00,438.01176161814305,8,3,0,0
2023-11-16 09:00:00,458.65690858809097,9,3,0,1
2023-11-16 10:00:00,388.1890998924074,10,3,0,1
2023-11-16 11:00:00,666.8359957847962,11,3,0,1
2023-11-16 12:00:00,720.1865857135842,12,3,0,1
2023-11-16 13:00:00,593.2153170001314,13,3,0,1
2023-11-16 14:00:00,729.0438263964154,14,3,0,1
2023-11-16 15:00:00,854.4193186281157,15,3,0,1
2023-11-16 16:00:00,597.8242728080888,16,3,0,1
2023-11-16 17:00:00,513.6486887464248,17,3,0,1
2023-11-16 18:00:00,540.671134800066,18,3,0,0
2023-11-16 19:00:00,571.1385549695397,19,3,0,0
2023-11-16 20:00:00,639.0446926073994,20,3,0,0
2023-11-16 21:00:00,440.18073600717895,21,3,0,0
2023-11-16 22:00:00,445.9670874312361,22,3,0,0
2023-11-16 23:00:00,326.15704030240715,23,3,0,0
2023-11-17 00:00:00,40.0,0,4,0,0
2023-11-17 01:00:00,102.49014906856621,1,4,0,0
2023-11-17 02:00:00,40.0,2,4,0,0
2023-11-17 03:00:00,70.52053466884385,3,4,0,0
2023-11-17 04:00:00,40.0,4,4,0,0
2023-11-17 05:00:00,84.42882858899746,5,4,0,0
2023-11-17 06:00:00,301.32677500059555,6,4,0,0
2023-11-17 07:00:00,388.8594230868269,7,4,0,0
2023-11-17 08:00:00,411.59660074166004,8,4,0,0
2023-11-17 09:00:00,463.122308751102,9,4,0,1
2023-11-17 10:00:00,637.8200629932837,10,4,0,1
2023-11-17 11:00:00,613.9792416468564,11,4,0,1
2023-11-17 12:00:00,543.5556898020626,12,4,0,1
2023-11-17 13:00:00,557.8942022248591,13,4,0,1
2023-11-17 14:00:00,822.1299883312373,14,4,0,1
2023-11-17 15:00:00,729.1044735392899,15,4,0,1
2023-11-17 16:00:00,526.7063641555274,16,4,0,1
2023-11-17 17:00:00,675.4943731602976,17,4,0,1
2023-11-17 18:00:00,568.3922228422715,18,4,0,0
2023-11-17 19:00:00,436.4330514053761,19,4,0,0
2023-11-17 20:00:00,451.4224999023782,20,4,0,0
2023-11-17 21:00:00,518.9197746376733,21,4,0,0
2023-11-17 22:00:00,469.9386448547198,22,4,0,0
2023-11-17 23:00:00,301.8050820552377,23,4,0,0
2023-11-18 00:00:00,40.0,0,5,1,0
2023-11-18 01:00:00,40.0,1,5,1,0
2023-11-18 02:00:00,56.778514977835044,2,5,1,0
2023-11-18 03:00:00,40.0,3,5,1,0
2023-11-18 04:00:00,42.11354182070093,4,5,1,0
2023-11-18 05:00:00,40.0,5,5,1,0
2023-11-18 06:00:00,262.39207289161425,6,5,1,0
2023-11-18 07:00:00,346.1044261427421,7,5,1,0
2023-11-18 08:00:00,278.66327233577204,8,5,1,0
2023-11-18 09:00:00,385.65262875935133,9,5,1,1
2023-11-18 10:00:00,330.3450898671249,10,5,1,1
2023-11-18 11:00:00,380.1305117359576,11,5,1,1
2023-11-18 12:00:00,612.6564217130017,12,5,1,1
2023-11-18 13:00:00,538.6689271568882,13,5,1,1
2023-11-18 14:00:00,426.78092061087705,14,5,1,1
2023-11-18 15:00:00,492.8030931492691,15,5,1,1
2023-11-18 16:00:00,471.3931211028505,16,5,1,1
2023-11-18 17:00:00,623.1178014188843,17,5,1,1
2023-11-18 18:00:00,485.2194169154758,18,5,1,0
2023-11-18 19:00:00,292.51708229480715,19,5,1,0
2023-11-18 20:00:00,266.9123967800016,20,5,1,0
2023-11-18 21:00:00,446.33692467265666,21,5,1,0
2023-11-18 22:00:00,364.9624991136366,22,5,1,0
2023-11-18 23:00:00,93.47540854794664,23,5,1,0
2023-11-19 00:00:00,158.92110275725375,0,6,1,0
2023-11-19 01:00:00,40.0,1,6,1,0
2023-11-19 02:00:00,115.65107817166255,2,6,1,0
2023-11-19 03:00:00,40.0,3,6,1,0
2023-11-19 04:00:00,163.46787847538963,4,6,1,0
2023-11-19 05:00:00,40.0,5,6,1,0
2023-11-19 06:00:00,221.9761551242206,6,6,1,0
2023-11-19 07:00:00,434.8619680876836,7,6,1,0
2023-11-19 08:00:00,50.33132759286917,8,6,1,0
2023-11-19 09:00:00,391.58197757874734,9,6,1,1
2023-11-19 10:00:00,416.5001771664772,10,6,1,1
2023-11-19 11:00:00,612.3274893563246,11,6,1,1
2023-11-19 12:00:00,715.7482246072154,12,6,1,1
2023-11-19 13:00:00,713.8505473622379,13,6,1,1
2023-11-19 14:00:00,668.9200304076695,14,6,1,1
2023-11-19 15:00:00,631.0842348168453,15,6,1,1
2023-11-19 16:00:00,546.233337780311,16,6,1,1
2023-11-19 17:00:00,555.364856274031,17,6,1,1
2023-11-19 18:00:00,638.8843151015209,18,6,1,0
2023-11-19 19:00:00,297.4478702803782,19,6,1,0
2023-11-19 20:00:00,289.1945283616519,20,6,1,0
2023-11-19 21:00:00,279.82559803177264,21,6,1,0
2023-11-19 22:00:00,372.74212839348274,22,6,1,0
2023-11-19 23:00:00,254.43894065203068,23,6,1,0
2023-11-20 00:00:00,142.1403269680411,0,0,0,0
2023-11-20 01:00:00,148.37801873736882,1,0,0,0
2023-11-20 02:00:00,95.66652290453922,2,0,0,0
2023-11-20 03:00:00,40.0,3,0,0,0
2023-11-20 04:00:00,225.7917377105166,4,0,0,0
2023-11-20 05:00:00,197.9410130193449,5,0,0,0
2023-11-20 06:00:00,323.4125646727835,6,0,0,0
2023-11-20 07:00:00,195.2960643267103,7,0,0,0
2023-11-20 08:00:00,234.54560277575305,8,0,0,0
2023-11-20 09:00:00,526.9045577785492,9,0,0,1
2023-11-20 10:00:00,495.4471163833804,10,0,0,1
2023-11-20 11:00:00,456.64748111059856,11,0,0,1
2023-11-20 12:00:00,544.6743815238132,12,0,0,1
2023-11-20 13:00:00,726.3727025071515,13,0,0,1
2023-11-20 14:00:00,823.3915488573174,14,0,0,1
2023-11-20 15:00:00,951.4561774286518,15,0,0,1
2023-11-20 16:00:00,792.3047583689944,16,0,0,1
2023-11-20 17:00:00,616.9416334572743,17,0,0,1
2023-11-20 18:00:00,625.2511163598106,18,0,0,0
2023-11-20 19:00:00,531.2547928627429,19,0,0,0
2023-11-20 20:00:00,510.5508065841886,20,0,0,0
2023-11-20 21:00:00,356.3154397946732,21,0,0,0
2023-11-20 22:00:00,440.13148873395636,22,0,0,0
2023-11-20 23:00:00,383.4875409095057,23,0,0,0
2023-11-21 00:00:00,40.0,0,1,0,0
2023-11-21 01:00:00,40.0,1,1,0,0
2023-11-21 02:00:00,134.99192128499277,2,1,0,0
2023-11-21 03:00:00,40.0,3,1,0,0
2023-11-21 04:00:00,40.0,4,1,0,0
2023-11-21 05:00:00,40.0,5,1,0,0
2023-11-21 06:00:00,220.22282160176204,6,1,0,0
2023-11-21 07:00:00,440.26676927800685,7,1,0,0
2023-11-21 08:00:00,371.0695191674923,8,1,0,0
2023-11-21 09:00:00,520.9286029294511,9,1,0,1
2023-11-21 10:00:00,520.2216409333464,10,1,0,1
2023-11-21 11:00:00,604.2272931957681,11,1,0,1
2023-11-21 12:00:00,611.142624506035,12,1,0,1
2023-11-21 13:00:00,771.74313625687,13,1,0,1
2023-11-21 14:00:00,778.9803517065252,14,1,0,1
2023-11-21 15:00:00,832.2904140885712,15,1,0,1
2023-11-21 16:00:00,768.7219782887795,16,1,0,1
2023-11-21 17:00:00,639.0524913988345,17,1,0,1
2023-11-21 18:00:00,398.9265080318536,18,1,0,0
2023-11-21 19:00:00,624.8562187014973,19,1,0,0
2023-11-21 20:00:00,411.60006103611306,20,1,0,0
2023-11-21 21:00:00,370.66561621200447,21,1,0,0
2023-11-21 22:00:00,507.84716650983006,22,1,0,0
2023-11-21 23:00:00,393.53998007372155,23,1,0,0
2023-11-22 00:00:00,77.69640336062591,0,2,0,0
2023-11-22 01:00:00,40.0,1,2,0,0
2023-11-22 02:00:00,40.0,2,2,0,0
2023-11-22 03:00:00,54.090213856105755,3,2,0,0
2023-11-22 04:00:00,75.28927538570665,4,2,0,0
2023-11-22 05:00:00,233.8235431823169,5,2,0,0
2023-11-22 06:00:00,612.5796885440404,6,2,0,0
2023-11-22 07:00:00,395.9397900731628,7,2,0,0
2023-11-22 08:00:00,163.41225307543993,8,2,0,0
2023-11-22 09:00:00,382.1773457970976,9,2,0,1
2023-11-22 10:00:00,797.0367952636867,10,2,0,1
2023-11-22 11:00:00,748.9484925045335,11,2,0,1
2023-11-22 12:00:00,785.323843916773,12,2,0,1
2023-11-22 13:00:00,762.7500619381813,13,2,0,1
2023-11-22 14:00:00,657.3173528928819,14,2,0,1
2023-11-22 15:00:00,984.1053818762128,15,2,0,1
2023-11-22 16:00:00,635.4130352704827,16,2,0,1
2023-11-22 17:00:00,750.2275950984374,17,2,0,1
2023-11-22 18:00:00,423.57295706857747,18,2,0,0
2023-11-22 19:00:00,470.5448404127108,19,2,0,0
2023-11-22 20:00:00,540.9602373750315,20,2,0,0
2023-11-22 21:00:00,331.1451927287216,21,2,0,0
2023-11-22 22:00:00,271.5737735685798,22,2,0,0
2023-11-22 23:00:00,285.82967708404925,23,2,0,0
2023-11-23 00:00:00,40.0,0,3,0,0
2023-11-23 01:00:00,40.0,1,3,0,0
2023-11-23 02:00:00,110.33048172941295,2,3,0,0
2023-11-23 03:00:00,40.0,3,3,0,0
2023-11-23 04:00:00,111.23863955268557,4,3,0,0
2023-11-23 05:00:00,162.6372945463057,5,3,0,0
2023-11-23 06:00:00,459.6248716919588,6,3,0,0
2023-11-23 07:00:00,166.5874992755762,7,3,0,0
2023-11-23 08:00:00,338.0658671302081,8,3,0,0
2023-11-23 09:00:00,560.8969194373606,9,3,0,1
2023-11-23 10:00:00,646.017370067513,10,3,0,1
2023-11-23 11:00:00,932.6426872173988,11,3,0,1
2023-11-23 12:00:00,625.2846414594036,12,3,0,1
2023-11-23 13:00:00,922.9508194812444,13,3,0,1
2023-11-23 14:00:00,844.6729532046248,14,3,0,1
2023-11-23 15:00:00,585.9423073071362,15,3,0,1
2023-11-23 16:00:00,668.460437040182,16,3,0,1
2023-11-23 17:00:00,694.213538592643,17,3,0,1
2023-11-23 18:00:00,375.1331644435228,18,3,0,0
2023-11-23 19:00:00,247.51796199550643,19,3,0,0
2023-11-23 20:00:00,210.45627228427867,20,3,0,0
2023-11-23 21:00:00,392.20453203485755,21,3,0,0
2023-11-23 22:00:00,257.6276875644903,22,3,0,0
2023-11-23 23:00:00,210.1586412045733,23,3,0,0
2023-11-24 00:00:00,40.0,0,4,0,0
2023-11-24 01:00:00,40.0,1,4,0,0
2023-11-24 02:00:00,40.0,2,4,0,0
2023-11-24 03:00:00,40.0,3,4,0,0
2023-11-24 04:00:00,168.97740500597962,4,4,0,0
2023-11-24 05:00:00,231.53489896948687,5,4,0,0
2023-11-24 06:00:00,40.0,6,4,0,0
2023-11-24 07:00:00,304.8129343058463,7,4,0,0
2023-11-24 08:00:00,373.32401004450014,8,4,0,0
2023-11-24 09:00:00,475.44854179806094,9,4,0,1
2023-11-24 10:00:00,699.8408203640026,10,4,0,1
2023-11-24 11:00:00,606.7648832505723,11,4,0,1
2023-11-24 12:00:00,723.6080899196189,12,4,0,1
2023-11-24 13:00:00,1140.257206962919,13,4,0,1
2023-11-24 14:00:00,786.6448510873631,14,4,0,1
2023-11-24 15:00:00,994.7193945426812,15,4,0,1
2023-11-24 16:00:00,794.4367843340333,16,4,0,1
2023-11-24 17:00:00,596.265097944742,17,4,0,1
2023-11-24 18:00:00,493.16909097802295,18,4,0,0
2023-11-24 19:00:00,495.5139711921392,19,4,0,0
2023-11-24 20:00:00,286.62860675108897,20,4,0,0
2023-11-24 21:00:00,257.4445774572529,21,4,0,0
2023-11-24 22:00:00,265.02048648940956,22,4,0,0
2023-11-24 23:00:00,319.754549913475,23,4,0,0
2023-11-25 00:00:00,238.41766501102018,0,5,1,0
2023-11-25 01:00:00,40.0,1,5,1,0
2023-11-25 02:00:00,75.07984861028683,2,5,1,0
2023-11-25 03:00:00,40.0,3,5,1,0
2023-11-25 04:00:00,148.4030115328067,4,5,1,0
2023-11-25 05:00:00,40.0,5,5,1,0
2023-11-25 06:00:00,348.4365835421747,6,5,1,0
2023-11-25 07:00:00,279.17580034597313,7,5,1,0
2023-11-25 08:00:00,322.965952247766,8,5,1,0
2023-11-25 09:00:00,361.07757992342346,9,5,1,1
2023-11-25 10:00:00,307.575420624208,10,5,1,1
2023-11-25 11:00:00,380.37568050681887,11,5,1,1
2023-11-25 12:00:00,687.7410310825767,12,5,1,1
2023-11-25 13:00:00,627.6489026671686,13,5,1,1
2023-11-25 14:00:00,603.0931917782485,14,5,1,1
2023-11-25 15:00:00,679.424243121729,15,5,1,1
2023-11-25 16:00:00,599.515846344449,16,5,1,1
2023-11-25 17:00:00,435.0163556982896,17,5,1,1
2023-11-25 18:00:00,759.0452826523695,18,5,1,0
2023-11-25 19:00:00,486.00011149405606,19,5,1,0
2023-11-25 20:00:00,352.6925341796874,20,5,1,0
2023-11-25 21:00:00,227.25343847411676,21,5,1,0
2023-11-25 22:00:00,366.9613695933054,22,5,1,0
2023-11-25 23:00:00,133.13451553863453,23,5,1,0
2023-11-26 00:00:00,40.0,0,6,1,0
2023-11-26 01:00:00,222.62693219039525,1,6,1,0
2023-11-26 02:00:00,40.0,2,6,1,0
2023-11-26 03:00:00,40.0,3,6,1,0
2023-11-26 04:00:00,40.0,4,6,1,0
2023-11-26 05:00:00,124.7866524523817,5,6,1,0
2023-11-26 06:00:00,327.18074136462565,6,6,1,0
2023-11-26 07:00:00,405.79826631016374,7,6,1,0
2023-11-26 08:00:00,187.4975970478031,8,6,1,0
2023-11-26 09:00:00,511.0072454746645,9,6,1,1
2023-11-26 10:00:00,442.23868242512214,10,6,1,1
2023-11-26 11:00:00,540.8602336955404,11,6,1,1
2023-11-26 12:00:00,732.4979515952723,12,6,1,1
2023-11-26 13:00:00,710.5435698379569,13,6,1,1
2023-11-26 14:00:00,682.1262977145615,14,6,1,1
2023-11-26 15:00:00,388.1368870677676,15,6,1,1
2023-11-26 16:00:00,581.8983897122644,16,6,1,1
2023-11-26 17:00:00,436.00709518261516,17,6,1,1
2023-11-26 18:00:00,549.0511720789433,18,6,1,0
2023-11-26 19:00:00,516.0243285179625,19,6,1,0
2023-11-26 20:00:00,301.20058264260916,20,6,1,0
2023-11-26 21:00:00,208.8418176451471,21,6,1,0
2023-11-26 22:00:00,439.3863023519144,22,6,1,0
2023-11-26 23:00:00,155.26495186412268,23,6,1,0
2023-11-27 00:00:00,40.0,0,0,0,0
2023-11-27 01:00:00,40.0,1,0,0,0
2023-11-27 02:00:00,40.0,2,0,0,0
2023-11-27 03:00:00,40.0,3,0,0,0
2023-11-27 04:00:00,127.90743427627952,4,0,0,0
2023-11-27 05:00:00,40.0,5,0,0,0
2023-11-27 06:00:00,209.88050923903964,6,0,0,0
2023-11-27 07:00:00,355.4087999701533,7,0,0,0
2023-11-27 08:00:00,447.03492812095107,8,0,0,0
2023-11-27 09:00:00,699.406863095054,9,0,0,1
2023-11-27 10:00:00,765.085694970717,10,0,0,1
2023-11-27 11:00:00,470.62171840049893,11,0,0,1
2023-11-27 12:00:00,505.2325125790238,12,0,0,1
2023-11-27 13:00:00,785.7671627912724,13,0,0,1
2023-11-27 14:00:00,719.2177716244295,14,0,0,1
2023-11-27 15:00:00,639.7274502687703,15,0,0,1
2023-11-27 16:00:00,736.1327731426519,16,0,0,1
2023-11-27 17:00:00,690.3938553139761,17,0,0,1
2023-11-27 18:00:00,478.98095668177336,18,0,0,0
2023-11-27 19:00:00,421.4965131876047,19,0,0,0
2023-11-27 20:00:00,330.3603984341579,20,0,0,0
2023-11-27 21:00:00,311.72954447818324,21,0,0,0
2023-11-27 22:00:00,380.7610505392716,22,0,0,0
2023-11-27 23:00:00,155.20462154401707,23,0,0,0
2023-11-28 00:00:00,40.0,0,1,0,0
2023-11-28 01:00:00,40.0,1,1,0,0
2023-11-28 02:00:00,40.0,2,1,0,0
2023-11-28 03:00:00,58.394613278978966,3,1,0,0
2023-11-28 04:00:00,271.53140914420584,4,1,0,0
2023-11-28 05:00:00,97.11041860122758,5,1,0,0
2023-11-28 06:00:00,387.2995202572031,6,1,0,0
2023-11-28 07:00:00,329.11493183119245,7,1,0,0
2023-11-28 08:00:00,304.221486236984,8,1,0,0
2023-11-28 09:00:00,433.0010008101301,9,1,0,1
2023-11-28 10:00:00,494.41727061328766,10,1,0,1
2023-11-28 11:00:00,709.777858180392,11,1,0,1
2023-11-28 12:00:00,536.0444946125255,12,1,0,1
2023-11-28 13:00:00,853.8746576572219,13,1,0,1
2023-11-28 14:00:00,785.931249267677,14,1,0,1
2023-11-28 15:00:00,870.7723992294372,15,1,0,1
2023-11-28 16:00:00,647.3292827488606,16,1,0,1
2023-11-28 17:00:00,554.5458113327745,17,1,0,1
2023-11-28 18:00:00,530.8569231544615,18,1,0,0
2023-11-28 19:00:00,444.70877226164487,19,1,0,0
2023-11-28 20:00:00,518.5671910496675,20,1,0,0
2023-11-28 21:00:00,456.7250733915847,21,1,0,0
2023-11-28 22:00:00,544.3905286367533,22,1,0,0
2023-11-28 23:00:00,225.09426754005995,23,1,0,0
2023-11-29 00:00:00,40.0,0,2,0,0
2023-11-29 01:00:00,40.0,1,2,0,0
2023-11-29 02:00:00,52.30105483114441,2,2,0,0
2023-11-29 03:00:00,111.02015705574256,3,2,0,0
2023-11-29 04:00:00,62.89298083695715,4,2,0,0
2023-11-29 05:00:00,40.0,5,2,0,0
2023-11-29 06:00:00,521.48748150237,6,2,0,0
2023-11-29 07:00:00,237.06019735726971,7,2,0,0
2023-11-29 08:00:00,388.84799989325535,8,2,0,0
2023-11-29 09:00:00,366.797501688807,9,2,0,1
2023-11-29 10:00:00,582.0063808898952,10,2,0,1
2023-11-29 11:00:00,853.3908681665883,11,2,0,1
2023-11-29 12:00:00,717.2871545795158,12,2,0,1
2023-11-29 13:00:00,766.594629055535,13,2,0,1
2023-11-29 14:00:00,596.4845589947289,14,2,0,1
2023-11-29 15:00:00,748.3315490118327,15,2,0,1
2023-11-29 16:00:00,872.2567114513756,16,2,0,1
2023-11-29 17:00:00,632.6818372349951,17,2,0,1
2023-11-29 18:00:00,541.5223437695973,18,2,0,0
2023-11-29 19:00:00,629.0724316932991,19,2,0,0
2023-11-29 20:00:00,384.1776881642081,20,2,0,0
2023-11-29 21:00:00,516.1549292919916,21,2,0,0
2023-11-29 22:00:00,161.63100716597376,22,2,0,0
2023-11-29 23:00:00,365.8958018631311,23,2,0,0
2023-11-30 00:00:00,221.68200442607304,0,3,0,0
2023-11-30 01:00:00,145.22764757152632,1,3,0,0
2023-11-30 02:00:00,40.0,2,3,0,0
2023-11-30 03:00:00,40.0,3,3,0,0
2023-11-30 04:00:00,40.0,4,3,0,0
2023-11-30 05:00:00,149.64999209307044,5,3,0,0
2023-11-30 06:00:00,155.99358466713085,6,3,0,0
2023-11-30 07:00:00,238.83609297761913,7,3,0,0
2023-11-30 08:00:00,229.18721009907682,8,3,0,0
2023-11-30 09:00:00,397.2906525815663,9,3,0,1
2023-11-30 10:00:00,429.46437060239714,10,3,0,1
2023-11-30 11:00:00,854.458880337413,11,3,0,1
2023-11-30 12:00:00,656.5129929696175,12,3,0,1
2023-11-30 13:00:00,865.6816463623536,13,3,0,1
2023-11-30 14:00:00,802.1563408662644,14,3,0,1
2023-11-30 15:00:00,783.245965017703,15,3,0,1
2023-11-30 16:00:00,663.2250071026407,16,3,0,1
2023-11-30 17:00:00,755.1128755695289,17,3,0,1
2023-11-30 18:00:00,598.1784773561556,18,3,0,0
2023-11-30 19:00:00,507.9959521447896,19,3,0,0
2023-11-30 20:00:00,350.5949084993251,20,3,0,0
2023-11-30 21:00:00,309.5353822863744,21,3,0,0
2023-11-30 22:00:00,386.4570927215541,22,3,0,0
2023-11-30 23:00:00,312.1599982676676,23,3,0,0
2023-12-01 00:00:00,40.0,0,4,0,0
2023-12-01 01:00:00,40.0,1,4,0,0
2023-12-01 02:00:00,257.9150282292009,2,4,0,0
2023-12-01 03:00:00,40.0,3,4,0,0
2023-12-01 04:00:00,40.0,4,4,0,0
2023-12-01 05:00:00,40.0,5,4,0,0
2023-12-01 06:00:00,550.3531022838577,6,4,0,0
2023-12-01 07:00:00,326.2107398998264,7,4,0,0
2023-12-01 08:00:00,375.92434880359747,8,4,0,0
2023-12-01 09:00:00,510.5840203661043,9,4,0,1
2023-12-01 10:00:00,496.4322627036124,10,4,0,1
2023-12-01 11:00:00,676.1021431420256,11,4,0,1
2023-12-01 12:00:00,1018.7906950675058,12,4,0,1
2023-12-01 13:00:00,818.7340779728836,13,4,0,1
2023-12-01 14:00:00,831.5895106071898,14,4,0,1
2023-12-01 15:00:00,696.6220241576472,15,4,0,1
2023-12-01 16:00:00,939.303123969729,16,4,0,1
2023-12-01 17:00:00,895.3941012096016,17,4,0,1
2023-12-01 18:00:00,681.978814538316,18,4,0,0
2023-12-01 19:00:00,574.8466693595894,19,4,0,0
2023-12-01 20:00:00,393.63353954801784,20,4,0,0
2023-12-01 21:00:00,408.06900312609156,21,4,0,0
2023-12-01 22:00:00,215.56884602900226,22,4,0,0
2023-12-01 23:00:00,149.4196477887587,23,4,0,0
2023-12-02 00:00:00,40.0,0,5,1,0
2023-12-02 01:00:00,68.7087326945252,1,5,1,0
2023-12-02 02:00:00,40.0,2,5,1,0
2023-12-02 03:00:00,40.0,3,5,1,0
2023-12-02 04:00:00,40.0,4,5,1,0
2023-12-02 05:00:00,142.19911393322036,5,5,1,0
2023-12-02 06:00:00,183.24378689549212,6,5,1,0
2023-12-02 07:00:00,422.47947226851664,7,5,1,0
2023-12-02 08:00:00,450.14337495384257,8,5,1,0
2023-12-02 09:00:00,268.55234675316626,9,5,1,1
2023-12-02 10:00:00,598.4647948174927,10,5,1,1
2023-12-02 11:00:00,496.1384070340909,11,5,1,1
2023-12-02 12:00:00,527.4844775107886,12,5,1,1
2023-12-02 13:00:00,592.6940959958031,13,5,1,1
2023-12-02 14:00:00,639.5793127889591,14,5,1,1
2023-12-02 15:00:00,576.411136992886,15,5,1,1
2023-12-02 16:00:00,486.5956131145491,16,5,1,1
2023-12-02 17:00:00,440.0174704477144,17,5,1,1
2023-12-02 18:00:00,480.3988727157416,18,5,1,0
2023-12-02 19:00:00,377.85371985563785,19,5,1,0
2023-12-02 20:00:00,400.7214685844884,20,5,1,0
2023-12-02 21:00:00,295.17034240418104,21,5,1,0
2023-12-02 22:00:00,261.8718864080535,22,5,1,0
2023-12-02 23:00:00,298.7801280858805,23,5,1,0
2023-12-03 00:00:00,189.56816823161668,0,6,1,0
2023-12-03 01:00:00,194.51053769657602,1,6,1,0
2023-12-03 02:00:00,180.5464534586194,2,6,1,0
2023-12-03 03:00:00,124.67507967254272,3,6,1,0
2023-12-03 04:00:00,271.41764927738654,4,6,1,0
2023-12-03 05:00:00,75.3031179398053,5,6,1,0
2023-12-03 06:00:00,291.69570472865115,6,6,1,0
2023-12-03 07:00:00,558.1573478001555,7,6,1,0
2023-12-03 08:00:00,40.0,8,6,1,0
2023-12-03 09:00:00,371.44176743636496,9,6,1,1
2023-12-03 10:00:00,614.0252230492597,10,6,1,1
2023-12-03 11:00:00,647.7996960176772,11,6,1,1
2023-12-03 12:00:00,895.2368013381745,12,6,1,1
2023-12-03 13:00:00,639.1147752451724,13,6,1,1
2023-12-03 14:00:00,588.3018877134165,14,6,1,1
2023-12-03 15:00:00,586.3663194444987,15,6,1,1
2023-12-03 16:00:00,625.5267919012484,16,6,1,1
2023-12-03 17:00:00,724.7658532052337,17,6,1,1
2023-12-03 18:00:00,659.8226566175188,18,6,1,0
2023-12-03 19:00:00,390.3875854536426,19,6,1,0
2023-12-03 20:00:00,367.80532377787574,20,6,1,0
2023-12-03 21:00:00,215.49460523544582,21,6,1,0
2023-12-03 22:00:00,191.7643411773371,22,6,1,0
2023-12-03 23:00:00,353.1935255182267,23,6,1,0
2023-12-04 00:00:00,216.38786615041934,0,0,0,0
2023-12-04 01:00:00,40.0,1,0,0,0
2023-12-04 02:00:00,53.776866061903725,2,0,0,0
2023-12-04 03:00:00,40.0,3,0,0,0
2023-12-04 04:00:00,130.12506742915158,4,0,0,0
2023-12-04 05:00:00,40.0,5,0,0,0
2023-12-04 06:00:00,84.61316587735735,6,0,0,0
2023-12-04 07:00:00,481.5513787581771,7,0,0,0
2023-12-04 08:00:00,385.38734613786715,8,0,0,0
2023-12-04 09:00:00,472.4534366855373,9,0,0,1
2023-12-04 10:00:00,631.9277194420954,10,0,0,1
2023-12-04 11:00:00,705.0502142921584,11,0,0,1
2023-12-04 12:00:00,788.93286449766,12,0,0,1
2023-12-04 13:00:00,587.2026314772091,13,0,0,1
2023-12-04 14:00:00,866.7570814443791,14,0,0,1
2023-12-04 15:00:00,553.6838492646165,15,0,0,1
2023-12-04 16:00:00,826.5460827010943,16,0,0,1
2023-12-04 17:00:00,796.9159309671136,17,0,0,1
2023-12-04 18:00:00,415.43475231204866,18,0,0,0
2023-12-04 19:00:00,535.7986414618898,19,0,0,0
2023-12-04 20:00:00,548.6668772744079,20,0,0,0
2023-12-04 21:00:00,307.22805898015287,21,0,0,0
2023-12-04 22:00:00,396.6241224975379,22,0,0,0
2023-12-04 23:00:00,40.0,23,0,0,0
2023-12-05 00:00:00,155.90603369182756,0,1,0,0
2023-12-05 01:00:00,40.0,1,1,0,0
2023-12-05 02:00:00,40.0,2,1,0,0
2023-12-05 03:00:00,143.3614484780199,3,1,0,0
2023-12-05 04:00:00,233.97522936978808,4,1,0,0
2023-12-05 05:00:00,86.74123345070038,5,1,0,0
2023-12-05 06:00:00,508.83342457837045,6,1,0,0
2023-12-05 07:00:00,174.71450312149932,7,1,0,0
2023-12-05 08:00:00,501.71924226076374,8,1,0,0
2023-12-05 09:00:00,480.5462202495913,9,1,0,1
2023-12-05 10:00:00,485.0708768731166,10,1,0,1
2023-12-05 11:00:00,431.26840493030295,11,1,0,1
2023-12-05 12:00:00,807.612711327693,12,1,0,1
2023-12-05 13:00:00,887.805417716736,13,1,0,1
2023-12-05 14:00:00,961.0427301191896,14,1,0,1
2023-12-05 15:00:00,923.9494638229564,15,1,0,1
2023-12-05 16:00:00,641.593103000369,16,1,0,1
2023-12-05 17:00:00,817.5948389512996,17,1,0,1
2023-12-05 18:00:00,747.218869908496,18,1,0,0
2023-12-05 19:00:00,465.18861156177934,19,1,0,0
2023-12-05 20:00:00,425.2167733660821,20,1,0,0
2023-12-05 21:00:00,249.00998857879185,21,1,0,0
2023-12-05 22:00:00,493.49411349090303,22,1,0,0
2023-12-05 23:00:00,103.1388673659352,23,1,0,0
2023-12-06 00:00:00,88.31898018627058,0,2,0,0
2023-12-06 01:00:00,40.0,1,2,0,0
2023-12-06 02:00:00,40.0,2,2,0,0
2023-12-06 03:00:00,40.0,3,2,0,0
2023-12-06 04:00:00,40.0,4,2,0,0
2023-12-06 05:00:00,40.0,5,2,0,0
2023-12-06 06:00:00,322.55809300535964,6,2,0,0
2023-12-06 07:00:00,573.4289722328118,7,2,0,0
2023-12-06 08:00:00,445.7462608933425,8,2,0,0
2023-12-06 09:00:00,736.0603428662619,9,2,0,1
2023-12-06 10:00:00,461.7843790216963,10,2,0,1
2023-12-06 11:00:00,508.99728111392227,11,2,0,1
2023-12-06 12:00:00,610.95639485998,12,2,0,1
2023-12-06 13:00:00,774.9585466561161,13,2,0,1
2023-12-06 14:00:00,1126.7538425269163,14,2,0,1
2023-12-06 15:00:00,583.3168456805797,15,2,0,1
2023-12-06 16:00:00,808.5578396268643,16,2,0,1
2023-12-06 17:00:00,578.71433678898,17,2,0,1
2023-12-06 18:00:00,552.800803312959,18,2,0,0
2023-12-06 19:00:00,345.42429324014347,19,2,0,0
2023-12-06 20:00:00,527.3019806054207,20,2,0,0
2023-12-06 21:00:00,355.8374774701223,21,2,0,0
2023-12-06 22:00:00,446.28218469580304,22,2,0,0
2023-12-06 23:00:00,305.5827481661148,23,2,0,0
2023-12-07 00:00:00,40.0,0,3,0,0
2023-12-07 01:00:00,155.8699553939624,1,3,0,0
2023-12-07 02:00:00,40.0,2,3,0,0
2023-12-07 03:00:00,40.0,3,3,0,0
2023-12-07 04:00:00,40.0,4,3,0,0
2023-12-07 05:00:00,40.0,5,3,0,0
2023-12-07 06:00:00,483.310322458281,6,3,0,0
2023-12-07 07:00:00,340.5697270146932,7,3,0,0
2023-12-07 08:00:00,571.4916167576355,8,3,0,0
2023-12-07 09:00:00,428.2365851617896,9,3,0,1
2023-12-07 10:00:00,617.7747337203509,10,3,0,1
2023-12-07 11:00:00,719.5952544953087,11,3,0,1
2023-12-07 12:00:00,817.7261154966193,12,3,0,1
2023-12-07 13:00:00,726.9794703768521,13,3,0,1
2023-12-07 14:00:00,754.6574133458128,14,3,0,1
2023-12-07 15:00:00,746.9949417948513,15,3,0,1
2023-12-07 16:00:00,535.9087786117568,16,3,0,1
2023-12-07 17:00:00,652.6419535216484,17,3,0,1
2023-12-07 18:00:00,533.615058829921,18,3,0,0
2023-12-07 19:00:00,565.9954298814105,19,3,0,0
2023-12-07 20:00:00,432.76152224783607,20,3,0,0
2023-12-07 21:00:00,521.4743098391194,21,3,0,0
2023-12-07 22:00:00,324.1983756375311,22,3,0,0
2023-12-07 23:00:00,217.08864133577583,23,3,0,0
2023-12-08 00:00:00,40.0,0,4,0,0
2023-12-08 01:00:00,111.18488878219635,1,4,0,0
2023-12-08 02:00:00,40.0,2,4,0,0
2023-12-08 03:00:00,40.0,3,4,0,0
2023-12-08 04:00:00,40.0,4,4,0,0
2023-12-08 05:00:00,77.7741568335208,5,4,0,0
2023-12-08 06:00:00,379.06214337553706,6,4,0,0
2023-12-08 07:00:00,373.25582076492424,7,4,0,0
2023-12-08 08:00:00,124.36880742532509,8,4,0,0
2023-12-08 09:00:00,298.1565006090895,9,4,0,1
2023-12-08 10:00:00,550.9853508642201,10,4,0,1
2023-12-08 11:00:00,602.5338463108271,11,4,0,1
2023-12-08 12:00:00,734.8427109076938,12,4,0,1
2023-12-08 13:00:00,726.4428318144955,13,4,0,1
2023-12-08 14:00:00,983.7970959378845,14,4,0,1
2023-12-08 15:00:00,507.49762112517,15,4,0,1
2023-12-08 16:00:00,770.5135812309511,16,4,0,1
2023-12-08 17:00:00,762.0714258534607,17,4,0,1
2023-12-08 18:00:00,663.8417844420826,18,4,0,0
2023-12-08 19:00:00,590.8594411522461,19,4,0,0
2023-12-08 20:00:00,533.539290727588,20,4,0,0
2023-12-08 21:00:00,288.63090703187004,21,4,0,0
2023-12-08 22:00:00,183.60970777526828,22,4,0,0
2023-12-08 23:00:00,40.391524158846835,23,4,0,0
2023-12-09 00:00:00,40.0,0,5,1,0
2023-12-09 01:00:00,40.0,1,5,1,0
2023-12-09 02:00:00,159.09074068376975,2,5,1,0
2023-12-09 03:00:00,40.0,3,5,1,0
2023-12-09 04:00:00,40.0,4,5,1,0
2023-12-09 05:00:00,40.0,5,5,1,0
2023-12-09 06:00:00,491.2886133440578,6,5,1,0
2023-12-09 07:00:00,286.2364369408003,7,5,1,0
2023-12-09 08:00:00,243.66376978366753,8,5,1,0
2023-12-09 09:00:00,411.9943630063258,9,5,1,1
2023-12-09 10:00:00,691.3524342910682,10,5,1,1
2023-12-09 11:00:00,483.4064646151286,11,5,1,1
2023-12-09 12:00:00,669.7998974916824,12,5,1,1
2023-12-09 13:00:00,768.5918135250411,13,5,1,1
2023-12-09 14:00:00,413.0291329780112,14,5,1,1
2023-12-09 15:00:00,549.6069988050574,15,5,1,1
2023-12-09 16:00:00,714.6890077369624,16,5,1,1
2023-12-09 17:00:00,446.25172899877447,17,5,1,1
2023-12-09 18:00:00,513.4807834633338,18,5,1,0
2023-12-09 19:00:00,306.091554178706,19,5,1,0
2023-12-09 20:00:00,283.9780769551095,20,5,1,0
2023-12-09 21:00:00,220.80313806693678,21,5,1,0
2023-12-09 22:00:00,329.03062533350237,22,5,1,0
2023-12-09 23:00:00,251.83227360971716,23,5,1,0
2023-12-10 00:00:00,40.0,0,6,1,0
2023-12-10 01:00:00,320.3272844446094,1,6,1,0
2023-12-10 02:00:00,228.46137189932128,2,6,1,0
2023-12-10 03:00:00,40.0,3,6,1,0
2023-12-10 04:00:00,40.0,4,6,1,0
2023-12-10 05:00:00,313.9399069434156,5,6,1,0
2023-12-10 06:00:00,183.67940320743747,6,6,1,0
2023-12-10 07:00:00,539.4163130448069,7,6,1,0
2023-12-10 08:00:00,286.2850875923495,8,6,1,0
2023-12-10 09:00:00,369.02963760809564,9,6,1,1
2023-12-10 10:00:00,567.3542986475572,10,6,1,1
2023-12-10 11:00:00,519.343280690135,11,6,1,1
2023-12-10 12:00:00,646.7135691068131,12,6,1,1
2023-12-10 13:00:00,815.2103329623187,13,6,1,1
2023-12-10 14:00:00,731.0561120770923,14,6,1,1
2023-12-10 15:00:00,643.200344903366,15,6,1,1
2023-12-10 16:00:00,788.1818333640099,16,6,1,1
2023-12-10 17:00:00,635.3706387960872,17,6,1,1
2023-12-10 18:00:00,375.700555979578,18,6,1,0
2023-12-10 19:00:00,634.7183740869655,19,6,1,0
2023-12-10 20:00:00,414.5281764225621,20,6,1,0
2023-12-10 21:00:00,263.24558247540614,21,6,1,0
2023-12-10 22:00:00,40.0,22,6,1,0
2023-12-10 23:00:00,62.333494298006,23,6,1,0
2023-12-11 00:00:00,228.1386887506107,0,0,0,0
2023-12-11 01:00:00,233.04465011339082,1,0,0,0
2023-12-11 02:00:00,40.0,2,0,0,0
2023-12-11 03:00:00,40.0,3,0,0,0
2023-12-11 04:00:00,40.0,4,0,0,0
2023-12-11 05:00:00,40.0,5,0,0,0
2023-12-11 06:00:00,116.57440742285186,6,0,0,0
2023-12-11 07:00:00,604.3247776971656,7,0,0,0
2023-12-11 08:00:00,668.9955307304127,8,0,0,0
2023-12-11 09:00:00,361.8850241642356,9,0,0,1
2023-12-11 10:00:00,578.6089723313628,10,0,0,1
2023-12-11 11:00:00,508.5346379220276,11,0,0,1
2023-12-11 12:00:00,732.369699867363,12,0,0,1
2023-12-11 13:00:00,979.4870773110441,13,0,0,1
2023-12-11 14:00:00,929.4462860963617,14,0,0,1
2023-12-11 15:00:00,879.810143166427,15,0,0,1
2023-12-11 16:00:00,710.8966969758296,16,0,0,1
2023-12-11 17:00:00,814.1462310334077,17,0,0,1
2023-12-11 18:00:00,657.2574190290744,18,0,0,0
2023-12-11 19:00:00,544.8565523499904,19,0,0,0
2023-12-11 20:00:00,407.95626113670164,20,0,0,0
2023-12-11 21:00:00,399.3132461664968,21,0,0,0
2023-12-11 22:00:00,350.3779479568223,22,0,0,0
2023-12-11 23:00:00,219.5815274732962,23,0,0,0
2023-12-12 00:00:00,40.0,0,1,0,0
2023-12-12 01:00:00,40.0,1,1,0,0
2023-12-12 02:00:00,40.0,2,1,0,0
2023-12-12 03:00:00,40.0,3,1,0,0
2023-12-12 04:00:00,40.0,4,1,0,0
2023-12-12 05:00:00,40.0,5,1,0,0
2023-12-12 06:00:00,232.41398164428327,6,1,0,0
2023-12-12 07:00:00,396.13409655869486,7,1,0,0
2023-12-12 08:00:00,587.1182753815925,8,1,0,0
2023-12-12 09:00:00,495.0768008632901,9,1,0,1
2023-12-12 10:00:00,570.4974734341824,10,1,0,1
2023-12-12 11:00:00,550.5237739882397,11,1,0,1
2023-12-12 12:00:00,707.4298880324884,12,1,0,1
2023-12-12 13:00:00,925.6109721798769,13,1,0,1
2023-12-12 14:00:00,924.4953324210767,14,1,0,1
2023-12-12 15:00:00,898.9274606196728,15,1,0,1
2023-12-12 16:00:00,846.5025249537545,16,1,0,1
2023-12-12 17:00:00,715.1180837816243,17,1,0,1
2023-12-12 18:00:00,627.8020290570341,18,1,0,0
2023-12-12 19:00:00,525.7567217942768,19,1,0,0
2023-12-12 20:00:00,371.77914811437415,20,1,0,0
2023-12-12 21:00:00,371.152421258598,21,1,0,0
2023-12-12 22:00:00,341.6597206572071,22,1,0,0
2023-12-12 23:00:00,360.5335572801338,23,1,0,0
2023-12-13 00:00:00,40.0,0,2,0,0
2023-12-13 01:00:00,276.90418559362683,1,2,0,0
2023-12-13 02:00:00,40.0,2,2,0,0
2023-12-13 03:00:00,115.81355810196627,3,2,0,0
2023-12-13 04:00:00,40.0,4,2,0,0
2023-12-13 05:00:00,40.0,5,2,0,0
2023-12-13 06:00:00,218.27866473520618,6,2,0,0
2023-12-13 07:00:00,483.4296854945791,7,2,0,0
2023-12-13 08:00:00,500.14636583921475,8,2,0,0
2023-12-13 09:00:00,596.4231702085469,9,2,0,1
2023-12-13 10:00:00,599.9666180173505,10,2,0,1
2023-12-13 11:00:00,623.722799357017,11,2,0,1
2023-12-13 12:00:00,726.2108796220385,12,2,0,1
2023-12-13 13:00:00,834.7864893134293,13,2,0,1
2023-12-13 14:00:00,559.3308592496311,14,2,0,1
2023-12-13 15:00:00,887.5225554158076,15,2,0,1
2023-12-13 16:00:00,1025.3414032093415,16,2,0,1
2023-12-13 17:00:00,720.3503827482612,17,2,0,1
2023-12-13 18:00:00,545.9459745341418,18,2,0,0
2023-12-13 19:00:00,477.0384520305916,19,2,0,0
2023-12-13 20:00:00,506.71046383277616,20,2,0,0
2023-12-13 21:00:00,330.11385382692265,21,2,0,0
2023-12-13 22:00:00,420.02879117320435,22,2,0,0
2023-12-13 23:00:00,263.6564388265782,23,2,0,0
2023-12-14 00:00:00,229.8245154975387,0,3,0,0
2023-12-14 01:00:00,226.67635619959927,1,3,0,0
2023-12-14 02:00:00,40.0,2,3,0,0
2023-12-14 03:00:00,40.0,3,3,0,0
2023-12-14 04:00:00,40.0,4,3,0,0
2023-12-14 05:00:00,40.0,5,3,0,0
2023-12-14 06:00:00,202.09627320522196,6,3,0,0
2023-12-14 07:00:00,230.6372113118146,7,3,0,0
2023-12-14 08:00:00,571.7762903064306,8,3,0,0
2023-12-14 09:00:00,627.161124296604,9,3,0,1
2023-12-14 10:00:00,708.3596551403473,10,3,0,1
2023-12-14 11:00:00,654.3847730810045,11,3,0,1
2023-12-14 12:00:00,961.2396778461368,12,3,0,1
2023-12-14 13:00:00,780.0743341058045,13,3,0,1
2023-12-14 14:00:00,903.5451408679689,14,3,0,1
2023-12-14 15:00:00,616.1359695625545,15,3,0,1
2023-12-14 16:00:00,706.6300256676313,16,3,0,1
2023-12-14 17:00:00,644.011650444986,17,3,0,1
2023-12-14 18:00:00,571.7986648764809,18,3,0,0
2023-12-14 19:00:00,337.32680643262165,19,3,0,0
2023-12-14 20:00:00,506.27109305958675,20,3,0,0
2023-12-14 21:00:00,484.5417307811422,21,3,0,0
2023-12-14 22:00:00,226.52463191775325,22,3,0,0
2023-12-14 23:00:00,146.872342923648,23,3,0,0
2023-12-15 00:00:00,40.0,0,4,0,0
2023-12-15 01:00:00,83.74466017375842,1,4,0,0
2023-12-15 02:00:00,40.0,2,4,0,0
2023-12-15 03:00:00,40.0,3,4,0,0
2023-12-15 04:00:00,40.0,4,4,0,0
2023-12-15 05:00:00,265.9697011483964,5,4,0,0
2023-12-15 06:00:00,324.5715939920371,6,4,0,0
2023-12-15 07:00:00,499.07433293193253,7,4,0,0
2023-12-15 08:00:00,480.9857618293363,8,4,0,0
2023-12-15 09:00:00,491.36107599629565,9,4,0,1
2023-12-15 10:00:00,568.4176904523613,10,4,0,1
2023-12-15 11:00:00,575.6809359173097,11,4,0,1
2023-12-15 12:00:00,680.1426873413263,12,4,0,1
2023-12-15 13:00:00,661.834331514932,13,4,0,1
2023-12-15 14:00:00,665.9760833680466,14,4,0,1
2023-12-15 15:00:00,1033.1356614129147,15,4,0,1
2023-12-15 16:00:00,767.6677492572065,16,4,0,1
2023-12-15 17:00:00,838.5962461183312,17,4,0,1
2023-12-15 18:00:00,484.36969859475204,18,4,0,0
2023-12-15 19:00:00,346.1942514963347,19,4,0,0
2023-12-15 20:00:00,304.47199640561377,20,4,0,0
2023-12-15 21:00:00,310.4598672139734,21,4,0,0
2023-12-15 22:00:00,320.16775043164233,22,4,0,0
2023-12-15 23:00:00,266.44093086092835,23,4,0,0
2023-12-16 00:00:00,40.0,0,5,1,0
2023-12-16 01:00:00,40.0,1,5,1,0
2023-12-16 02:00:00,40.74401798970688,2,5,1,0
2023-12-16 03:00:00,104.49435060977524,3,5,1,0
2023-12-16 04:00:00,197.6202509878332,4,5,1,0
2023-12-16 05:00:00,40.0,5,5,1,0
2023-12-16 06:00:00,398.48787812615836,6,5,1,0
2023-12-16 07:00:00,296.79930595114797,7,5,1,0
2023-12-16 08:00:00,154.16602688640697,8,5,1,0
2023-12-16 09:00:00,611.1018433211837,9,5,1,1
2023-12-16 10:00:00,736.4301085792226,10,5,1,1
2023-12-16 11:00:00,604.4597190572613,11,5,1,1
2023-12-16 12:00:00,598.1328080881946,12,5,1,1
2023-12-16 13:00:00,593.6478818256625,13,5,1,1
2023-12-16 14:00:00,584.326243661871,14,5,1,1
2023-12-16 15:00:00,771.5006394231041,15,5,1,1
2023-12-16 16:00:00,585.285823792118,16,5,1,1
2023-12-16 17:00:00,731.0409173604475,17,5,1,1
2023-12-16 18:00:00,467.9092253907596,18,5,1,0
2023-12-16 19:00:00,347.6277428628743,19,5,1,0
2023-12-16 20:00:00,265.28824963513284,20,5,1,0
2023-12-16 21:00:00,199.64086450444978,21,5,1,0
2023-12-16 22:00:00,314.32770605872804,22,5,1,0
2023-12-16 23:00:00,72.30345732280463,23,5,1,0
2023-12-17 00:00:00,40.0,0,6,1,0
2023-12-17 01:00:00,178.36577100247783,1,6,1,0
2023-12-17 02:00:00,40.0,2,6,1,0
2023-12-17 03:00:00,123.74576994238785,3,6,1,0
2023-12-17 04:00:00,40.0,4,6,1,0
2023-12-17 05:00:00,196.77471105166683,5,6,1,0
2023-12-17 06:00:00,100.20238620669693,6,6,1,0
2023-12-17 07:00:00,183.7195455228185,7,6,1,0
2023-12-17 08:00:00,419.08541473489976,8,6,1,0
2023-12-17 09:00:00,429.558322178649,9,6,1,1
2023-12-17 10:00:00,571.1242278826367,10,6,1,1
2023-12-17 11:00:00,376.7766261801662,11,6,1,1
2023-12-17 12:00:00,552.9419632378741,12,6,1,1
2023-12-17 13:00:00,552.1671039401497,13,6,1,1
2023-12-17 14:00:00,506.7773442217092,14,6,1,1
2023-12-17 15:00:00,697.7241840678461,15,6,1,1
2023-12-17 16:00:00,700.5247859507142,16,6,1,1
2023-12-17 17:00:00,489.7441970862112,17,6,1,1
2023-12-17 18:00:00,646.4510914668001,18,6,1,0
2023-12-17 19:00:00,302.82531956828205,19,6,1,0
2023-12-17 20:00:00,517.2603842729857,20,6,1,0
2023-12-17 21:00:00,356.35548191078146,21,6,1,0
2023-12-17 22:00:00,105.80214463300123,22,6,1,0
2023-12-17 23:00:00,465.42557195568634,23,6,1,0
2023-12-18 00:00:00,40.0,0,0,0,0
2023-12-18 01:00:00,168.8989486306708,1,0,0,0
2023-12-18 02:00:00,42.09999843769748,2,0,0,0
2023-12-18 03:00:00,70.20942106370211,3,0,0,0
2023-12-18 04:00:00,134.60528194198776,4,0,0,0
2023-12-18 05:00:00,129.95747462450117,5,0,0,0
2023-12-18 06:00:00,274.73017103768785,6,0,0,0
2023-12-18 07:00:00,424.9083649373683,7,0,0,0
2023-12-18 08:00:00,476.5973635644961,8,0,0,0
2023-12-18 09:00:00,522.0140265548134,9,0,0,1
2023-12-18 10:00:00,555.2591853795071,10,0,0,1
2023-12-18 11:00:00,688.0979570971538,11,0,0,1
2023-12-18 12:00:00,970.3031549908766,12,0,0,1
2023-12-18 13:00:00,747.3673290530537,13,0,0,1
2023-12-18 14:00:00,944.7904903765051,14,0,0,1
2023-12-18 15:00:00,708.4142404367768,15,0,0,1
2023-12-18 16:00:00,628.4405059686442,16,0,0,1
2023-12-18 17:00:00,1055.878098527404,17,0,0,1
2023-12-18 18:00:00,644.4600730777838,18,0,0,0
2023-12-18 19:00:00,564.4882979468575,19,0,0,0
2023-12-18 20:00:00,493.23271434078015,20,0,0,0
2023-12-18 21:00:00,529.9844582088875,21,0,0,0
2023-12-18 22:00:00,364.7249603666336,22,0,0,0
2023-12-18 23:00:00,382.4999495890706,23,0,0,0
2023-12-19 00:00:00,40.0,0,1,0,0
2023-12-19 01:00:00,142.355644346271,1,1,0,0
2023-12-19 02:00:00,40.0,2,1,0,0
2023-12-19 03:00:00,105.88557199250702,3,1,0,0
2023-12-19 04:00:00,40.0,4,1,0,0
2023-12-19 05:00:00,104.07688357203436,5,1,0,0
2023-12-19 06:00:00,46.76019603952369,6,1,0,0
2023-12-19 07:00:00,327.9986369723956,7,1,0,0
2023-12-19 08:00:00,217.13919081272323,8,1,0,0
2023-12-19 09:00:00,572.3510897421671,9,1,0,1
2023-12-19 10:00:00,587.9695551801797,10,1,0,1
2023-12-19 11:00:00,570.2156887490108,11,1,0,1
2023-12-19 12:00:00,906.3272308515527,12,1,0,1
2023-12-19 13:00:00,675.1706319867468,13,1,0,1
2023-12-19 14:00:00,436.25674010118934,14,1,0,1
2023-12-19 15:00:00,844.4068153705708,15,1,0,1
2023-12-19 16:00:00,522.2064191176995,16,1,0,1
2023-12-19 17:00:00,558.9090199525428,17,1,0,1
2023-12-19 18:00:00,517.5755806863613,18,1,0,0
2023-12-19 19:00:00,325.5074206285825,19,1,0,0
2023-12-19 20:00:00,362.5580713936894,20,1,0,0
2023-12-19 21:00:00,192.47466695415014,21,1,0,0
2023-12-19 22:00:00,335.27374082846876,22,1,0,0
2023-12-19 23:00:00,137.10389419194485,23,1,0,0
2023-12-20 00:00:00,40.0,0,2,0,0
2023-12-20 01:00:00,163.72574438948197,1,2,0,0
2023-12-20 02:00:00,118.50683624120117,2,2,0,0
2023-12-20 03:00:00,40.0,3,2,0,0
2023-12-20 04:00:00,40.0,4,2,0,0
2023-12-20 05:00:00,47.55658639893046,5,2,0,0
2023-12-20 06:00:00,232.30146367645287,6,2,0,0
2023-12-20 07:00:00,385.24330846891996,7,2,0,0
2023-12-20 08:00:00,215.97115562631598,8,2,0,0
2023-12-20 09:00:00,593.258009352381,9,2,0,1
2023-12-20 10:00:00,583.6431570006524,10,2,0,1
2023-12-20 11:00:00,927.7321787149448,11,2,0,1
2023-12-20 12:00:00,890.9256408685005,12,2,0,1
2023-12-20 13:00:00,850.7130436772793,13,2,0,1
2023-12-20 14:00:00,785.1208431550917,14,2,0,1
2023-12-20 15:00:00,695.2180876625528,15,2,0,1
2023-12-20 16:00:00,847.2873808514696,16,2,0,1
2023-12-20 17:00:00,635.1738021554786,17,2,0,1
2023-12-20 18:00:00,719.8609253928706,18,2,0,0
2023-12-20 19:00:00,544.4854622403382,19,2,0,0
2023-12-20 20:00:00,470.7650369906475,20,2,0,0
2023-12-20 21:00:00,432.4516286608922,21,2,0,0
2023-12-20 22:00:00,205.43252599999627,22,2,0,0
2023-12-20 23:00:00,161.8969756173728,23,2,0,0
2023-12-21 00:00:00,40.0,0,3,0,0
2023-12-21 01:00:00,149.98444966205557,1,3,0,0
2023-12-21 02:00:00,40.0,2,3,0,0
2023-12-21 03:00:00,40.0,3,3,0,0
2023-12-21 04:00:00,90.96252351968792,4,3,0,0
2023-12-21 05:00:00,40.0,5,3,0,0
2023-12-21 06:00:00,270.2124495614684,6,3,0,0
2023-12-21 07:00:00,305.1218971655065,7,3,0,0
2023-12-21 08:00:00,142.72958037971415,8,3,0,0
2023-12-21 09:00:00,380.36089947642176,9,3,0,1
2023-12-21 10:00:00,721.4447458649256,10,3,0,1
2023-12-21 11:00:00,597.9824049297672,11,3,0,1
2023-12-21 12:00:00,506.1395007252446,12,3,0,1
2023-12-21 13:00:00,661.8113026425337,13,3,0,1
2023-12-21 14:00:00,843.1824757705995,14,3,0,1
2023-12-21 15:00:00,823.5747644114412,15,3,0,1
2023-12-21 16:00:00,698.8845919400114,16,3,0,1
2023-12-21 17:00:00,580.00569146364,17,3,0,1
2023-12-21 18:00:00,411.3936511483495,18,3,0,0
2023-12-21 19:00:00,540.568886961545,19,3,0,0
2023-12-21 20:00:00,522.3498318408106,20,3,0,0
2023-12-21 21:00:00,515.7740936709583,21,3,0,0
2023-12-21 22:00:00,182.51727556969794,22,3,0,0
2023-12-21 23:00:00,448.4160825309501,23,3,0,0
2023-12-22 00:00:00,40.0,0,4,0,0
2023-12-22 01:00:00,40.0,1,4,0,0
2023-12-22 02:00:00,131.8531486819169,2,4,0,0
2023-12-22 03:00:00,40.0,3,4,0,0
2023-12-22 04:00:00,40.0,4,4,0,0
2023-12-22 05:00:00,113.03871827171213,5,4,0,0
2023-12-22 06:00:00,357.6162479279119,6,4,0,0
2023-12-22 07:00:00,317.8752717994998,7,4,0,0
2023-12-22 08:00:00,496.50914299313916,8,4,0,0
2023-12-22 09:00:00,595.6198978479274,9,4,0,1
2023-12-22 10:00:00,398.2164119916855,10,4,0,1
2023-12-22 11:00:00,665.4117340415713,11,4,0,1
2023-12-22 12:00:00,460.8907526254833,12,4,0,1
2023-12-22 13:00:00,767.9274285653387,13,4,0,1
2023-12-22 14:00:00,755.2709307165572,14,4,0,1
2023-12-22 15:00:00,841.7996933980214,15,4,0,1
2023-12-22 16:00:00,605.4316378925022,16,4,0,1
2023-12-22 17:00:00,612.1317928116617,17,4,0,1
2023-12-22 18:00:00,193.7303055282183,18,4,0,0
2023-12-22 19:00:00,563.2871411161644,19,4,0,0
2023-12-22 20:00:00,411.197391705387,20,4,0,0
2023-12-22 21:00:00,371.57746596321005,21,4,0,0
2023-12-22 22:00:00,136.57607028833598,22,4,0,0
2023-12-22 23:00:00,332.3207858645681,23,4,0,0
2023-12-23 00:00:00,217.6279640238017,0,5,1,0
2023-12-23 01:00:00,40.0,1,5,1,0
2023-12-23 02:00:00,97.7083520147106,2,5,1,0
2023-12-23 03:00:00,40.0,3,5,1,0
2023-12-23 04:00:00,40.0,4,5,1,0
2023-12-23 05:00:00,40.0,5,5,1,0
2023-12-23 06:00:00,347.204823453218,6,5,1,0
2023-12-23 07:00:00,308.06766399963715,7,5,1,0
2023-12-23 08:00:00,191.1299390774132,8,5,1,0
2023-12-23 09:00:00,300.8858848531134,9,5,1,1
2023-12-23 10:00:00,471.05607626305726,10,5,1,1
2023-12-23 11:00:00,641.0319436067762,11,5,1,1
2023-12-23 12:00:00,764.9018767801209,12,5,1,1
2023-12-23 13:00:00,610.1214435599833,13,5,1,1
2023-12-23 14:00:00,476.24215913567434,14,5,1,1
2023-12-23 15:00:00,654.8323058842575,15,5,1,1
2023-12-23 16:00:00,801.544500241781,16,5,1,1
2023-12-23 17:00:00,335.4383330523734,17,5,1,1
2023-12-23 18:00:00,349.174257636588,18,5,1,0
2023-12-23 19:00:00,470.42506738328035,19,5,1,0
2023-12-23 20:00:00,355.8762016070407,20,5,1,0
2023-12-23 21:00:00,223.48442734801338,21,5,1,0
2023-12-23 22:00:00,279.0438716861768,22,5,1,0
2023-12-23 23:00:00,344.9480841282839,23,5,1,0
2023-12-24 00:00:00,40.0,0,6,1,0
2023-12-24 01:00:00,40.0,1,6,1,0
2023-12-24 02:00:00,90.38058343599926,2,6,1,0
2023-12-24 03:00:00,40.0,3,6,1,0
2023-12-24 04:00:00,158.27120193170427,4,6,1,0
2023-12-24 05:00:00,265.9730274086988,5,6,1,0
2023-12-24 06:00:00,145.47717071444308,6,6,1,0
2023-12-24 07:00:00,138.88373080570366,7,6,1,0
2023-12-24 08:00:00,382.0506140193459,8,6,1,0
2023-12-24 09:00:00,242.84880331033492,9,6,1,1
2023-12-24 10:00:00,307.4164380768353,10,6,1,1
2023-12-24 11:00:00,284.2634492522142,11,6,1,1
2023-12-24 12:00:00,541.4883426492738,12,6,1,1
2023-12-24 13:00:00,622.2576527061321,13,6,1,1
2023-12-24 14:00:00,577.9164413029321,14,6,1,1
2023-12-24 15:00:00,793.0564710692627,15,6,1,1
2023-12-24 16:00:00,745.2650844034329,16,6,1,1
2023-12-24 17:00:00,761.629417373686,17,6,1,1
2023-12-24 18:00:00,469.3091514633048,18,6,1,0
2023-12-24 19:00:00,539.1676330949764,19,6,1,0
2023-12-24 20:00:00,374.50662323099914,20,6,1,0
2023-12-24 21:00:00,313.89267224214404,21,6,1,0
2023-12-24 22:00:00,196.54387785454713,22,6,1,0
2023-12-24 23:00:00,40.0,23,6,1,0
2023-12-25 00:00:00,100.59747410429698,0,0,0,0
2023-12-25 01:00:00,162.78116826029952,1,0,0,0
2023-12-25 02:00:00,40.0,2,0,0,0
2023-12-25 03:00:00,40.0,3,0,0,0
2023-12-25 04:00:00,145.45812849265917,4,0,0,0
2023-12-25 05:00:00,40.0,5,0,0,0
2023-12-25 06:00:00,458.9601994123753,6,0,0,0
2023-12-25 07:00:00,344.27452942185266,7,0,0,0
2023-12-25 08:00:00,358.7863580368846,8,0,0,0
2023-12-25 09:00:00,646.4211121450519,9,0,0,1
2023-12-25 10:00:00,467.606721102263,10,0,0,1
2023-12-25 11:00:00,575.7216932948688,11,0,0,1
2023-12-25 12:00:00,626.7327592812967,12,0,0,1
2023-12-25 13:00:00,645.659178968281,13,0,0,1
2023-12-25 14:00:00,818.3640700849265,14,0,0,1
2023-12-25 15:00:00,721.2184590933323,15,0,0,1
2023-12-25 16:00:00,792.8318370173483,16,0,0,1
2023-12-25 17:00:00,454.55333685006104,17,0,0,1
2023-12-25 18:00:00,444.95139857854474,18,0,0,0
2023-12-25 19:00:00,502.5761733352684,19,0,0,0
2023-12-25 20:00:00,598.1670533851219,20,0,0,0
2023-12-25 21:00:00,406.52875129483937,21,0,0,0
2023-12-25 22:00:00,245.06088723044996,22,0,0,0
2023-12-25 23:00:00,105.80956247657184,23,0,0,0
2023-12-26 00:00:00,40.0,0,1,0,0
2023-12-26 01:00:00,40.0,1,1,0,0
2023-12-26 02:00:00,40.0,2,1,0,0
2023-12-26 03:00:00,40.0,3,1,0,0
2023-12-26 04:00:00,40.0,4,1,0,0
2023-12-26 05:00:00,40.0,5,1,0,0
2023-12-26 06:00:00,309.2673810426586,6,1,0,0
2023-12-26 07:00:00,287.8043600398807,7,1,0,0
2023-12-26 08:00:00,482.51016358502596,8,1,0,0
2023-12-26 09:00:00,511.35151095575975,9,1,0,1
2023-12-26 10:00:00,535.2495752984531,10,1,0,1
2023-12-26 11:00:00,739.9632228263958,11,1,0,1
2023-12-26 12:00:00,801.6311394285893,12,1,0,1
2023-12-26 13:00:00,608.3147852171999,13,1,0,1
2023-12-26 14:00:00,796.1566917009626,14,1,0,1
2023-12-26 15:00:00,889.6018750828167,15,1,0,1
2023-12-26 16:00:00,861.0969789636348,16,1,0,1
2023-12-26 17:00:00,707.2192319900785,17,1,0,1
2023-12-26 18:00:00,551.6625420295074,18,1,0,0
2023-12-26 19:00:00,546.9450578999963,19,1,0,0
2023-12-26 20:00:00,518.7381934756899,20,1,0,0
2023-12-26 21:00:00,375.0083273058846,21,1,0,0
2023-12-26 22:00:00,343.2202560819136,22,1,0,0
2023-12-26 23:00:00,254.57694636196922,23,1,0,0
2023-12-27 00:00:00,40.0,0,2,0,0
2023-12-27 01:00:00,40.0,1,2,0,0
2023-12-27 02:00:00,40.0,2,2,0,0
2023-12-27 03:00:00,40.0,3,2,0,0
2023-12-27 04:00:00,198.5206069821296,4,2,0,0
2023-12-27 05:00:00,142.64221781588074,5,2,0,0
2023-12-27 06:00:00,112.5678677122944,6,2,0,0
2023-12-27 07:00:00,230.9230402715761,7,2,0,0
2023-12-27 08:00:00,378.1779363743677,8,2,0,0
2023-12-27 09:00:00,419.5108149757885,9,2,0,1
2023-12-27 10:00:00,617.7473622595296,10,2,0,1
2023-12-27 11:00:00,513.4799677769798,11,2,0,1
2023-12-27 12:00:00,849.2221008032072,12,2,0,1
2023-12-27 13:00:00,777.4899459137334,13,2,0,1
2023-12-27 14:00:00,759.1385546346588,14,2,0,1
2023-12-27 15:00:00,781.0522781808598,15,2,0,1
2023-12-27 16:00:00,684.0972966255696,16,2,0,1
2023-12-27 17:00:00,419.0330686267116,17,2,0,1
2023-12-27 18:00:00,581.0882871316518,18,2,0,0
2023-12-27 19:00:00,457.89711595595696,19,2,0,0
2023-12-27 20:00:00,307.2705402023455,20,2,0,0
2023-12-27 21:00:00,492.8000731947267,21,2,0,0
2023-12-27 22:00:00,396.12032021969037,22,2,0,0
2023-12-27 23:00:00,577.2161296717177,23,2,0,0
2023-12-28 00:00:00,124.30191964571263,0,3,0,0
2023-12-28 01:00:00,40.0,1,3,0,0
2023-12-28 02:00:00,40.0,2,3,0,0
2023-12-28 03:00:00,40.0,3,3,0,0
2023-12-28 04:00:00,40.0,4,3,0,0
2023-12-28 05:00:00,41.509336150696654,5,3,0,0
2023-12-28 06:00:00,131.13207335342315,6,3,0,0
2023-12-28 07:00:00,438.78288111026063,7,3,0,0
2023-12-28 08:00:00,432.7489460452472,8,3,0,0
2023-12-28 09:00:00,560.2823995267474,9,3,0,1
2023-12-28 10:00:00,442.35959219577194,10,3,0,1
2023-12-28 11:00:00,692.3128295541708,11,3,0,1
2023-12-28 12:00:00,890.0994551517297,12,3,0,1
2023-12-28 13:00:00,679.5097411747267,13,3,0,1
2023-12-28 14:00:00,693.4573151027353,14,3,0,1
2023-12-28 15:00:00,868.2055073128244,15,3,0,1
2023-12-28 16:00:00,617.9121392628634,16,3,0,1
2023-12-28 17:00:00,634.7160991349717,17,3,0,1
2023-12-28 18:00:00,756.745090918156,18,3,0,0
2023-12-28 19:00:00,391.54641556138887,19,3,0,0
2023-12-28 20:00:00,607.1384335855878,20,3,0,0
2023-12-28 21:00:00,320.81468439024115,21,3,0,0
2023-12-28 22:00:00,181.2435993918411,22,3,0,0
2023-12-28 23:00:00,356.9978234969228,23,3,0,0
2023-12-29 00:00:00,40.0,0,4,0,0
2023-12-29 01:00:00,40.0,1,4,0,0
2023-12-29 02:00:00,40.0,2,4,0,0
2023-12-29 03:00:00,40.0,3,4,0,0
2023-12-29 04:00:00,40.0,4,4,0,0
2023-12-29 05:00:00,54.70710090239325,5,4,0,0
2023-12-29 06:00:00,471.45766263482955,6,4,0,0
2023-12-29 07:00:00,149.25704972165207,7,4,0,0
2023-12-29 08:00:00,372.9923557654092,8,4,0,0
2023-12-29 09:00:00,391.4299048943375,9,4,0,1
2023-12-29 10:00:00,398.3306853695308,10,4,0,1
2023-12-29 11:00:00,416.3652466719358,11,4,0,1
2023-12-29 12:00:00,592.4979554083171,12,4,0,1
2023-12-29 13:00:00,753.6854174603837,13,4,0,1
2023-12-29 14:00:00,937.8964458162241,14,4,0,1
2023-12-29 15:00:00,600.0448701318919,15,4,0,1
2023-12-29 16:00:00,769.5253965437182,16,4,0,1
2023-12-29 17:00:00,689.0671675078858,17,4,0,1
2023-12-29 18:00:00,780.2927246478677,18,4,0,0
2023-12-29 19:00:00,564.9104583197617,19,4,0,0
2023-12-29 20:00:00,497.2373208843214,20,4,0,0
2023-12-29 21:00:00,445.0245413908849,21,4,0,0
2023-12-29 22:00:00,204.87991677419987,22,4,0,0
2023-12-29 23:00:00,215.81462205255463,23,4,0,0
